id,lease_id,reading_month,previous_reading,current_reading,consumption,rate_used,computed_amount,is_first_reading,read_by_id
2585,183,2026-04-01,1764.28,1822.99,58.71,45.00,2641.95,False,5
2549,182,2026-04-01,1900.54,1949.55,49.01,45.00,2205.45,False,5
2513,181,2026-04-01,1810.72,1840.72,30.00,45.00,1350.00,False,5
2477,180,2026-04-01,1663.92,1710.50,46.58,45.00,2096.10,False,5
2441,179,2026-04-01,1599.97,1670.77,70.80,45.00,3186.00,False,5
2405,178,2026-04-01,1733.18,1776.64,43.46,45.00,1955.70,False,5
2369,177,2026-04-01,1635.47,1680.54,45.07,45.00,2028.15,False,5
2333,176,2026-04-01,1786.19,1842.38,56.19,45.00,2528.55,False,5
2297,175,2026-04-01,1792.43,1841.56,49.13,45.00,2210.85,False,5
2261,174,2026-04-01,1798.11,1851.01,52.90,45.00,2380.50,False,5
2225,173,2026-04-01,1776.45,1808.84,32.39,45.00,1457.55,False,5
2189,172,2026-04-01,1706.68,1740.48,33.80,45.00,1521.00,False,5
2153,171,2026-04-01,1783.27,1838.09,54.82,45.00,2466.90,False,5
2117,170,2026-04-01,1700.09,1752.28,52.19,45.00,2348.55,False,5
2081,169,2026-04-01,1930.86,1992.27,61.41,45.00,2763.45,False,5
2045,168,2026-04-01,1858.21,1927.59,69.38,45.00,3122.10,False,5
2009,167,2026-04-01,1679.11,1744.17,65.06,45.00,2927.70,False,5
1973,166,2026-04-01,1786.90,1845.78,58.88,45.00,2649.60,False,5
1937,165,2026-04-01,1758.78,1812.13,53.35,45.00,2400.75,False,5
1901,164,2026-04-01,1928.26,1965.23,36.97,45.00,1663.65,False,5
1865,163,2026-04-01,1871.83,1933.26,61.43,45.00,2764.35,False,5
1829,162,2026-04-01,1883.57,1953.36,69.79,45.00,3140.55,False,5
1793,161,2026-04-01,1784.63,1847.13,62.50,45.00,2812.50,False,5
1757,160,2026-04-01,1734.09,1781.97,47.88,45.00,2154.60,False,5
1721,159,2026-04-01,1679.13,1728.64,49.51,45.00,2227.95,False,5
1685,158,2026-04-01,1685.61,1732.56,46.95,45.00,2112.75,False,5
1649,157,2026-04-01,1867.09,1900.27,33.18,45.00,1493.10,False,5
1613,156,2026-04-01,1832.05,1888.03,55.98,45.00,2519.10,False,5
1577,155,2026-04-01,1763.85,1844.31,80.46,45.00,3620.70,False,5
1541,154,2026-04-01,1777.93,1820.05,42.12,45.00,1895.40,False,5
1505,153,2026-04-01,1819.40,1868.49,49.09,45.00,2209.05,False,5
1469,152,2026-04-01,1654.21,1687.70,33.49,45.00,1507.05,False,5
1433,151,2026-04-01,1756.66,1811.52,54.86,45.00,2468.70,False,5
1397,150,2026-04-01,1743.28,1788.67,45.39,45.00,2042.55,False,5
1361,149,2026-04-01,1617.54,1684.36,66.82,45.00,3006.90,False,5
1325,148,2026-04-01,1749.64,1795.33,45.69,45.00,2056.05,False,5
1289,147,2026-04-01,1705.24,1758.20,52.96,45.00,2383.20,False,5
1253,146,2026-04-01,1812.43,1861.07,48.64,45.00,2188.80,False,5
1217,145,2026-04-01,1792.73,1839.06,46.33,45.00,2084.85,False,5
2584,183,2026-03-01,1714.53,1764.28,49.75,45.00,2238.75,False,5
2548,182,2026-03-01,1833.47,1900.54,67.07,45.00,3018.15,False,5
2512,181,2026-03-01,1771.07,1810.72,39.65,45.00,1784.25,False,5
2476,180,2026-03-01,1587.76,1663.92,76.16,45.00,3427.20,False,5
2440,179,2026-03-01,1535.54,1599.97,64.43,45.00,2899.35,False,5
2404,178,2026-03-01,1676.60,1733.18,56.58,45.00,2546.10,False,5
2368,177,2026-03-01,1596.59,1635.47,38.88,45.00,1749.60,False,5
2332,176,2026-03-01,1724.19,1786.19,62.00,45.00,2790.00,False,5
2296,175,2026-03-01,1734.91,1792.43,57.52,45.00,2588.40,False,5
2260,174,2026-03-01,1759.45,1798.11,38.66,45.00,1739.70,False,5
2224,173,2026-03-01,1735.02,1776.45,41.43,45.00,1864.35,False,5
2188,172,2026-03-01,1664.18,1706.68,42.50,45.00,1912.50,False,5
2152,171,2026-03-01,1728.53,1783.27,54.74,45.00,2463.30,False,5
2116,170,2026-03-01,1651.72,1700.09,48.37,45.00,2176.65,False,5
2080,169,2026-03-01,1874.82,1930.86,56.04,45.00,2521.80,False,5
2044,168,2026-03-01,1805.18,1858.21,53.03,45.00,2386.35,False,5
2008,167,2026-03-01,1633.79,1679.11,45.32,45.00,2039.40,False,5
1972,166,2026-03-01,1746.94,1786.90,39.96,45.00,1798.20,False,5
1936,165,2026-03-01,1723.78,1758.78,35.00,45.00,1575.00,False,5
1900,164,2026-03-01,1876.10,1928.26,52.16,45.00,2347.20,False,5
1864,163,2026-03-01,1808.80,1871.83,63.03,45.00,2836.35,False,5
1828,162,2026-03-01,1845.34,1883.57,38.23,45.00,1720.35,False,5
1792,161,2026-03-01,1750.21,1784.63,34.42,45.00,1548.90,False,5
1756,160,2026-03-01,1694.61,1734.09,39.48,45.00,1776.60,False,5
1720,159,2026-03-01,1647.34,1679.13,31.79,45.00,1430.55,False,5
1684,158,2026-03-01,1653.31,1685.61,32.30,45.00,1453.50,False,5
1648,157,2026-03-01,1791.12,1867.09,75.97,45.00,3418.65,False,5
1612,156,2026-03-01,1785.72,1832.05,46.33,45.00,2084.85,False,5
1576,155,2026-03-01,1697.10,1763.85,66.75,45.00,3003.75,False,5
1540,154,2026-03-01,1735.36,1777.93,42.57,45.00,1915.65,False,5
1504,153,2026-03-01,1746.44,1819.40,72.96,45.00,3283.20,False,5
1468,152,2026-03-01,1595.32,1654.21,58.89,45.00,2650.05,False,5
1432,151,2026-03-01,1726.66,1756.66,30.00,45.00,1350.00,False,5
1396,150,2026-03-01,1699.93,1743.28,43.35,45.00,1950.75,False,5
1360,149,2026-03-01,1558.38,1617.54,59.16,45.00,2662.20,False,5
1324,148,2026-03-01,1703.85,1749.64,45.79,45.00,2060.55,False,5
1288,147,2026-03-01,1675.24,1705.24,30.00,45.00,1350.00,False,5
1252,146,2026-03-01,1752.24,1812.43,60.19,45.00,2708.55,False,5
1216,145,2026-03-01,1751.34,1792.73,41.39,45.00,1862.55,False,5
2583,183,2026-02-01,1660.33,1714.53,54.20,45.00,2439.00,False,5
2547,182,2026-02-01,1789.94,1833.47,43.53,45.00,1958.85,False,5
2511,181,2026-02-01,1725.08,1771.07,45.99,45.00,2069.55,False,5
2475,180,2026-02-01,1543.12,1587.76,44.64,45.00,2008.80,False,5
2439,179,2026-02-01,1500.39,1535.54,35.15,45.00,1581.75,False,5
2403,178,2026-02-01,1635.28,1676.60,41.32,45.00,1859.40,False,5
2367,177,2026-02-01,1554.25,1596.59,42.34,45.00,1905.30,False,5
2331,176,2026-02-01,1671.47,1724.19,52.72,45.00,2372.40,False,5
2295,175,2026-02-01,1675.77,1734.91,59.14,45.00,2661.30,False,5
2259,174,2026-02-01,1681.64,1759.45,77.81,45.00,3501.45,False,5
2223,173,2026-02-01,1705.02,1735.02,30.00,45.00,1350.00,False,5
2187,172,2026-02-01,1624.97,1664.18,39.21,45.00,1764.45,False,5
2151,171,2026-02-01,1685.38,1728.53,43.15,45.00,1941.75,False,5
2115,170,2026-02-01,1597.49,1651.72,54.23,45.00,2440.35,False,5
2079,169,2026-02-01,1806.37,1874.82,68.45,45.00,3080.25,False,5
2043,168,2026-02-01,1758.57,1805.18,46.61,45.00,2097.45,False,5
2007,167,2026-02-01,1588.33,1633.79,45.46,45.00,2045.70,False,5
1971,166,2026-02-01,1689.01,1746.94,57.93,45.00,2606.85,False,5
1935,165,2026-02-01,1682.27,1723.78,41.51,45.00,1867.95,False,5
1899,164,2026-02-01,1821.87,1876.10,54.23,45.00,2440.35,False,5
1863,163,2026-02-01,1753.34,1808.80,55.46,45.00,2495.70,False,5
1827,162,2026-02-01,1801.16,1845.34,44.18,45.00,1988.10,False,5
1791,161,2026-02-01,1700.29,1750.21,49.92,45.00,2246.40,False,5
1755,160,2026-02-01,1643.54,1694.61,51.07,45.00,2298.15,False,5
1719,159,2026-02-01,1587.87,1647.34,59.47,45.00,2676.15,False,5
1683,158,2026-02-01,1611.37,1653.31,41.94,45.00,1887.30,False,5
1647,157,2026-02-01,1742.41,1791.12,48.71,45.00,2191.95,False,5
1611,156,2026-02-01,1739.51,1785.72,46.21,45.00,2079.45,False,5
1575,155,2026-02-01,1635.48,1697.10,61.62,45.00,2772.90,False,5
1539,154,2026-02-01,1679.95,1735.36,55.41,45.00,2493.45,False,5
1503,153,2026-02-01,1692.20,1746.44,54.24,45.00,2440.80,False,5
1467,152,2026-02-01,1547.26,1595.32,48.06,45.00,2162.70,False,5
1431,151,2026-02-01,1692.03,1726.66,34.63,45.00,1558.35,False,5
1395,150,2026-02-01,1656.35,1699.93,43.58,45.00,1961.10,False,5
1359,149,2026-02-01,1528.38,1558.38,30.00,45.00,1350.00,False,5
1323,148,2026-02-01,1656.46,1703.85,47.39,45.00,2132.55,False,5
1287,147,2026-02-01,1615.22,1675.24,60.02,45.00,2700.90,False,5
1251,146,2026-02-01,1685.27,1752.24,66.97,45.00,3013.65,False,5
1215,145,2026-02-01,1694.79,1751.34,56.55,45.00,2544.75,False,5
2582,183,2026-01-01,1610.07,1660.33,50.26,45.00,2261.70,False,5
2546,182,2026-01-01,1754.84,1789.94,35.10,45.00,1579.50,False,5
2510,181,2026-01-01,1653.49,1725.08,71.59,45.00,3221.55,False,5
2474,180,2026-01-01,1506.23,1543.12,36.89,45.00,1660.05,False,5
2438,179,2026-01-01,1469.48,1500.39,30.91,45.00,1390.95,False,5
2402,178,2026-01-01,1581.67,1635.28,53.61,45.00,2412.45,False,5
2366,177,2026-01-01,1513.79,1554.25,40.46,45.00,1820.70,False,5
2330,176,2026-01-01,1598.74,1671.47,72.73,45.00,3272.85,False,5
2294,175,2026-01-01,1628.36,1675.77,47.41,45.00,2133.45,False,5
2258,174,2026-01-01,1649.61,1681.64,32.03,45.00,1441.35,False,5
2222,173,2026-01-01,1660.59,1705.02,44.43,45.00,1999.35,False,5
2186,172,2026-01-01,1563.06,1624.97,61.91,45.00,2785.95,False,5
2150,171,2026-01-01,1640.06,1685.38,45.32,45.00,2039.40,False,5
2114,170,2026-01-01,1567.49,1597.49,30.00,45.00,1350.00,False,5
2078,169,2026-01-01,1748.65,1806.37,57.72,45.00,2597.40,False,5
2042,168,2026-01-01,1721.70,1758.57,36.87,45.00,1659.15,False,5
2006,167,2026-01-01,1545.57,1588.33,42.76,45.00,1924.20,False,5
1970,166,2026-01-01,1648.19,1689.01,40.82,45.00,1836.90,False,5
1934,165,2026-01-01,1627.75,1682.27,54.52,45.00,2453.40,False,5
1898,164,2026-01-01,1761.20,1821.87,60.67,45.00,2730.15,False,5
1862,163,2026-01-01,1714.58,1753.34,38.76,45.00,1744.20,False,5
1826,162,2026-01-01,1766.29,1801.16,34.87,45.00,1569.15,False,5
1790,161,2026-01-01,1647.09,1700.29,53.20,45.00,2394.00,False,5
1754,160,2026-01-01,1594.24,1643.54,49.30,45.00,2218.50,False,5
1718,159,2026-01-01,1534.14,1587.87,53.73,45.00,2417.85,False,5
1682,158,2026-01-01,1553.24,1611.37,58.13,45.00,2615.85,False,5
1646,157,2026-01-01,1693.72,1742.41,48.69,45.00,2191.05,False,5
1610,156,2026-01-01,1682.32,1739.51,57.19,45.00,2573.55,False,5
1574,155,2026-01-01,1573.74,1635.48,61.74,45.00,2778.30,False,5
1538,154,2026-01-01,1633.98,1679.95,45.97,45.00,2068.65,False,5
1502,153,2026-01-01,1662.20,1692.20,30.00,45.00,1350.00,False,5
1466,152,2026-01-01,1487.35,1547.26,59.91,45.00,2695.95,False,5
1430,151,2026-01-01,1632.27,1692.03,59.76,45.00,2689.20,False,5
1394,150,2026-01-01,1597.99,1656.35,58.36,45.00,2626.20,False,5
1358,149,2026-01-01,1498.38,1528.38,30.00,45.00,1350.00,False,5
1322,148,2026-01-01,1608.68,1656.46,47.78,45.00,2150.10,False,5
1286,147,2026-01-01,1568.26,1615.22,46.96,45.00,2113.20,False,5
1250,146,2026-01-01,1627.29,1685.27,57.98,45.00,2609.10,False,5
1214,145,2026-01-01,1629.93,1694.79,64.86,45.00,2918.70,False,5
2581,183,2025-12-01,1555.91,1610.07,54.16,45.00,2437.20,False,5
2545,182,2025-12-01,1683.57,1754.84,71.27,45.00,3207.15,False,5
2509,181,2025-12-01,1620.78,1653.49,32.71,45.00,1471.95,False,5
2473,180,2025-12-01,1446.87,1506.23,59.36,45.00,2671.20,False,5
2437,179,2025-12-01,1433.71,1469.48,35.77,45.00,1609.65,False,5
2401,178,2025-12-01,1523.79,1581.67,57.88,45.00,2604.60,False,5
2365,177,2025-12-01,1483.79,1513.79,30.00,45.00,1350.00,False,5
2329,176,2025-12-01,1535.64,1598.74,63.10,45.00,2839.50,False,5
2293,175,2025-12-01,1598.36,1628.36,30.00,45.00,1350.00,False,5
2257,174,2025-12-01,1610.92,1649.61,38.69,45.00,1741.05,False,5
2221,173,2025-12-01,1618.95,1660.59,41.64,45.00,1873.80,False,5
2185,172,2025-12-01,1502.41,1563.06,60.65,45.00,2729.25,False,5
2149,171,2025-12-01,1593.39,1640.06,46.67,45.00,2100.15,False,5
2113,170,2025-12-01,1515.46,1567.49,52.03,45.00,2341.35,False,5
2077,169,2025-12-01,1699.25,1748.65,49.40,45.00,2223.00,False,5
2041,168,2025-12-01,1655.04,1721.70,66.66,45.00,2999.70,False,5
2005,167,2025-12-01,1490.63,1545.57,54.94,45.00,2472.30,False,5
1969,166,2025-12-01,1618.19,1648.19,30.00,45.00,1350.00,False,5
1933,165,2025-12-01,1592.70,1627.75,35.05,45.00,1577.25,False,5
1897,164,2025-12-01,1691.53,1761.20,69.67,45.00,3135.15,False,5
1861,163,2025-12-01,1671.89,1714.58,42.69,45.00,1921.05,False,5
1825,162,2025-12-01,1687.87,1766.29,78.42,45.00,3528.90,False,5
1789,161,2025-12-01,1598.59,1647.09,48.50,45.00,2182.50,False,5
1753,160,2025-12-01,1559.21,1594.24,35.03,45.00,1576.35,False,5
1717,159,2025-12-01,1500.19,1534.14,33.95,45.00,1527.75,False,5
1681,158,2025-12-01,1523.24,1553.24,30.00,45.00,1350.00,False,5
1645,157,2025-12-01,1639.24,1693.72,54.48,45.00,2451.60,False,5
1609,156,2025-12-01,1623.52,1682.32,58.80,45.00,2646.00,False,5
1573,155,2025-12-01,1535.53,1573.74,38.21,45.00,1719.45,False,5
1537,154,2025-12-01,1582.77,1633.98,51.21,45.00,2304.45,False,5
1501,153,2025-12-01,1605.22,1662.20,56.98,45.00,2564.10,False,5
1465,152,2025-12-01,1442.25,1487.35,45.10,45.00,2029.50,False,5
1429,151,2025-12-01,1566.94,1632.27,65.33,45.00,2939.85,False,5
1393,150,2025-12-01,1528.44,1597.99,69.55,45.00,3129.75,False,5
1357,149,2025-12-01,1447.76,1498.38,50.62,45.00,2277.90,False,5
1321,148,2025-12-01,1554.76,1608.68,53.92,45.00,2426.40,False,5
1285,147,2025-12-01,1513.81,1568.26,54.45,45.00,2450.25,False,5
1249,146,2025-12-01,1580.77,1627.29,46.52,45.00,2093.40,False,5
1213,145,2025-12-01,1583.73,1629.93,46.20,45.00,2079.00,False,5
2580,183,2025-11-01,1502.93,1555.91,52.98,45.00,2384.10,False,5
2544,182,2025-11-01,1649.34,1683.57,34.23,45.00,1540.35,False,5
2508,181,2025-11-01,1559.57,1620.78,61.21,45.00,2754.45,False,5
2472,180,2025-11-01,1392.83,1446.87,54.04,45.00,2431.80,False,5
2436,179,2025-11-01,1402.46,1433.71,31.25,45.00,1406.25,False,5
2400,178,2025-11-01,1486.94,1523.79,36.85,45.00,1658.25,False,5
2364,177,2025-11-01,1439.81,1483.79,43.98,45.00,1979.10,False,5
2328,176,2025-11-01,1490.98,1535.64,44.66,45.00,2009.70,False,5
2292,175,2025-11-01,1523.18,1598.36,75.18,45.00,3383.10,False,5
2256,174,2025-11-01,1568.15,1610.92,42.77,45.00,1924.65,False,5
2220,173,2025-11-01,1588.95,1618.95,30.00,45.00,1350.00,False,5
2184,172,2025-11-01,1465.47,1502.41,36.94,45.00,1662.30,False,5
2148,171,2025-11-01,1547.40,1593.39,45.99,45.00,2069.55,False,5
2112,170,2025-11-01,1469.12,1515.46,46.34,45.00,2085.30,False,5
2076,169,2025-11-01,1643.23,1699.25,56.02,45.00,2520.90,False,5
2040,168,2025-11-01,1600.88,1655.04,54.16,45.00,2437.20,False,5
2004,167,2025-11-01,1460.63,1490.63,30.00,45.00,1350.00,False,5
1968,166,2025-11-01,1568.49,1618.19,49.70,45.00,2236.50,False,5
1932,165,2025-11-01,1525.02,1592.70,67.68,45.00,3045.60,False,5
1896,164,2025-11-01,1652.24,1691.53,39.29,45.00,1768.05,False,5
1860,163,2025-11-01,1607.88,1671.89,64.01,45.00,2880.45,False,5
1824,162,2025-11-01,1627.31,1687.87,60.56,45.00,2725.20,False,5
1788,161,2025-11-01,1568.59,1598.59,30.00,45.00,1350.00,False,5
1752,160,2025-11-01,1495.46,1559.21,63.75,45.00,2868.75,False,5
1716,159,2025-11-01,1452.83,1500.19,47.36,45.00,2131.20,False,5
1680,158,2025-11-01,1477.37,1523.24,45.87,45.00,2064.15,False,5
1644,157,2025-11-01,1595.35,1639.24,43.89,45.00,1975.05,False,5
1608,156,2025-11-01,1589.12,1623.52,34.40,45.00,1548.00,False,5
1572,155,2025-11-01,1476.25,1535.53,59.28,45.00,2667.60,False,5
1536,154,2025-11-01,1536.58,1582.77,46.19,45.00,2078.55,False,5
1500,153,2025-11-01,1575.22,1605.22,30.00,45.00,1350.00,False,5
1464,152,2025-11-01,1412.25,1442.25,30.00,45.00,1350.00,False,5
1428,151,2025-11-01,1535.80,1566.94,31.14,45.00,1401.30,False,5
1392,150,2025-11-01,1456.57,1528.44,71.87,45.00,3234.15,False,5
1356,149,2025-11-01,1399.94,1447.76,47.82,45.00,2151.90,False,5
1320,148,2025-11-01,1495.10,1554.76,59.66,45.00,2684.70,False,5
1284,147,2025-11-01,1481.13,1513.81,32.68,45.00,1470.60,False,5
1248,146,2025-11-01,1509.18,1580.77,71.59,45.00,3221.55,False,5
1212,145,2025-11-01,1531.56,1583.73,52.17,45.00,2347.65,False,5
2579,183,2025-10-01,1453.31,1502.93,49.62,45.00,2232.90,False,5
2543,182,2025-10-01,1589.70,1649.34,59.64,45.00,2683.80,False,5
2507,181,2025-10-01,1509.16,1559.57,50.41,45.00,2268.45,False,5
2471,180,2025-10-01,1332.16,1392.83,60.67,45.00,2730.15,False,5
2435,179,2025-10-01,1372.46,1402.46,30.00,45.00,1350.00,False,5
2399,178,2025-10-01,1435.07,1486.94,51.87,45.00,2334.15,False,5
2363,177,2025-10-01,1391.04,1439.81,48.77,45.00,2194.65,False,5
2327,176,2025-10-01,1437.29,1490.98,53.69,45.00,2416.05,False,5
2291,175,2025-10-01,1472.17,1523.18,51.01,45.00,2295.45,False,5
2255,174,2025-10-01,1523.15,1568.15,45.00,45.00,2025.00,False,5
2219,173,2025-10-01,1512.37,1588.95,76.58,45.00,3446.10,False,5
2183,172,2025-10-01,1435.47,1465.47,30.00,45.00,1350.00,False,5
2147,171,2025-10-01,1500.37,1547.40,47.03,45.00,2116.35,False,5
2111,170,2025-10-01,1409.60,1469.12,59.52,45.00,2678.40,False,5
2075,169,2025-10-01,1608.70,1643.23,34.53,45.00,1553.85,False,5
2039,168,2025-10-01,1535.53,1600.88,65.35,45.00,2940.75,False,5
2003,167,2025-10-01,1397.66,1460.63,62.97,45.00,2833.65,False,5
1967,166,2025-10-01,1521.95,1568.49,46.54,45.00,2094.30,False,5
1931,165,2025-10-01,1471.74,1525.02,53.28,45.00,2397.60,False,5
1895,164,2025-10-01,1595.40,1652.24,56.84,45.00,2557.80,False,5
1859,163,2025-10-01,1539.66,1607.88,68.22,45.00,3069.90,False,5
1823,162,2025-10-01,1564.94,1627.31,62.37,45.00,2806.65,False,5
1787,161,2025-10-01,1510.59,1568.59,58.00,45.00,2610.00,False,5
1751,160,2025-10-01,1445.60,1495.46,49.86,45.00,2243.70,False,5
1715,159,2025-10-01,1411.28,1452.83,41.55,45.00,1869.75,False,5
1679,158,2025-10-01,1419.83,1477.37,57.54,45.00,2589.30,False,5
1643,157,2025-10-01,1529.50,1595.35,65.85,45.00,2963.25,False,5
1607,156,2025-10-01,1523.14,1589.12,65.98,45.00,2969.10,False,5
1571,155,2025-10-01,1404.15,1476.25,72.10,45.00,3244.50,False,5
1535,154,2025-10-01,1482.96,1536.58,53.62,45.00,2412.90,False,5
1499,153,2025-10-01,1528.32,1575.22,46.90,45.00,2110.50,False,5
1463,152,2025-10-01,1371.33,1412.25,40.92,45.00,1841.40,False,5
1427,151,2025-10-01,1496.19,1535.80,39.61,45.00,1782.45,False,5
1391,150,2025-10-01,1386.05,1456.57,70.52,45.00,3173.40,False,5
1355,149,2025-10-01,1363.41,1399.94,36.53,45.00,1643.85,False,5
1319,148,2025-10-01,1446.90,1495.10,48.20,45.00,2169.00,False,5
1283,147,2025-10-01,1445.54,1481.13,35.59,45.00,1601.55,False,5
1247,146,2025-10-01,1456.72,1509.18,52.46,45.00,2360.70,False,5
1211,145,2025-10-01,1487.00,1531.56,44.56,45.00,2005.20,False,5
2578,183,2025-09-01,1423.31,1453.31,30.00,45.00,1350.00,False,5
2542,182,2025-09-01,1524.46,1589.70,65.24,45.00,2935.80,False,5
2506,181,2025-09-01,1424.16,1509.16,85.00,45.00,3825.00,False,5
2470,180,2025-09-01,1284.79,1332.16,47.37,45.00,2131.65,False,5
2434,179,2025-09-01,1340.20,1372.46,32.26,45.00,1451.70,False,5
2398,178,2025-09-01,1363.08,1435.07,71.99,45.00,3239.55,False,5
2362,177,2025-09-01,1338.56,1391.04,52.48,45.00,2361.60,False,5
2326,176,2025-09-01,1397.99,1437.29,39.30,45.00,1768.50,False,5
2290,175,2025-09-01,1413.62,1472.17,58.55,45.00,2634.75,False,5
2254,174,2025-09-01,1468.92,1523.15,54.23,45.00,2440.35,False,5
2218,173,2025-09-01,1469.01,1512.37,43.36,45.00,1951.20,False,5
2182,172,2025-09-01,1370.73,1435.47,64.74,45.00,2913.30,False,5
2146,171,2025-09-01,1462.29,1500.37,38.08,45.00,1713.60,False,5
2110,170,2025-09-01,1353.95,1409.60,55.65,45.00,2504.25,False,5
2074,169,2025-09-01,1549.98,1608.70,58.72,45.00,2642.40,False,5
2038,168,2025-09-01,1486.44,1535.53,49.09,45.00,2209.05,False,5
2002,167,2025-09-01,1349.90,1397.66,47.76,45.00,2149.20,False,5
1966,166,2025-09-01,1481.74,1521.95,40.21,45.00,1809.45,False,5
1930,165,2025-09-01,1411.05,1471.74,60.69,45.00,2731.05,False,5
1894,164,2025-09-01,1527.66,1595.40,67.74,45.00,3048.30,False,5
1858,163,2025-09-01,1497.79,1539.66,41.87,45.00,1884.15,False,5
1822,162,2025-09-01,1513.26,1564.94,51.68,45.00,2325.60,False,5
1786,161,2025-09-01,1448.42,1510.59,62.17,45.00,2797.65,False,5
1750,160,2025-09-01,1408.04,1445.60,37.56,45.00,1690.20,False,5
1714,159,2025-09-01,1371.98,1411.28,39.30,45.00,1768.50,False,5
1678,158,2025-09-01,1379.20,1419.83,40.63,45.00,1828.35,False,5
1642,157,2025-09-01,1488.40,1529.50,41.10,45.00,1849.50,False,5
1606,156,2025-09-01,1450.96,1523.14,72.18,45.00,3248.10,False,5
1570,155,2025-09-01,1373.20,1404.15,30.95,45.00,1392.75,False,5
1534,154,2025-09-01,1439.40,1482.96,43.56,45.00,1960.20,False,5
1498,153,2025-09-01,1459.47,1528.32,68.85,45.00,3098.25,False,5
1462,152,2025-09-01,1320.01,1371.33,51.32,45.00,2309.40,False,5
1426,151,2025-09-01,1437.29,1496.19,58.90,45.00,2650.50,False,5
1390,150,2025-09-01,1342.48,1386.05,43.57,45.00,1960.65,False,5
1354,149,2025-09-01,1322.89,1363.41,40.52,45.00,1823.40,False,5
1318,148,2025-09-01,1398.18,1446.90,48.72,45.00,2192.40,False,5
1282,147,2025-09-01,1398.66,1445.54,46.88,45.00,2109.60,False,5
1246,146,2025-09-01,1421.50,1456.72,35.22,45.00,1584.90,False,5
1210,145,2025-09-01,1423.62,1487.00,63.38,45.00,2852.10,False,5
2577,183,2025-08-01,1357.59,1423.31,65.72,45.00,2957.40,False,5
2541,182,2025-08-01,1467.98,1524.46,56.48,45.00,2541.60,False,5
2505,181,2025-08-01,1366.70,1424.16,57.46,45.00,2585.70,False,5
2469,180,2025-08-01,1237.63,1284.79,47.16,45.00,2122.20,False,5
2433,179,2025-08-01,1308.35,1340.20,31.85,45.00,1433.25,False,5
2397,178,2025-08-01,1305.18,1363.08,57.90,45.00,2605.50,False,5
2361,177,2025-08-01,1307.78,1338.56,30.78,45.00,1385.10,False,5
2325,176,2025-08-01,1350.91,1397.99,47.08,45.00,2118.60,False,5
2289,175,2025-08-01,1383.26,1413.62,30.36,45.00,1366.20,False,5
2253,174,2025-08-01,1415.38,1468.92,53.54,45.00,2409.30,False,5
2217,173,2025-08-01,1405.49,1469.01,63.52,45.00,2858.40,False,5
2181,172,2025-08-01,1330.06,1370.73,40.67,45.00,1830.15,False,5
2145,171,2025-08-01,1392.68,1462.29,69.61,45.00,3132.45,False,5
2109,170,2025-08-01,1311.64,1353.95,42.31,45.00,1903.95,False,5
2073,169,2025-08-01,1490.23,1549.98,59.75,45.00,2688.75,False,5
2037,168,2025-08-01,1413.47,1486.44,72.97,45.00,3283.65,False,5
2001,167,2025-08-01,1271.13,1349.90,78.77,45.00,3544.65,False,5
1965,166,2025-08-01,1443.79,1481.74,37.95,45.00,1707.75,False,5
1929,165,2025-08-01,1376.50,1411.05,34.55,45.00,1554.75,False,5
1893,164,2025-08-01,1463.60,1527.66,64.06,45.00,2882.70,False,5
1857,163,2025-08-01,1463.07,1497.79,34.72,45.00,1562.40,False,5
1821,162,2025-08-01,1471.34,1513.26,41.92,45.00,1886.40,False,5
1785,161,2025-08-01,1406.14,1448.42,42.28,45.00,1902.60,False,5
1749,160,2025-08-01,1353.92,1408.04,54.12,45.00,2435.40,False,5
1713,159,2025-08-01,1309.20,1371.98,62.78,45.00,2825.10,False,5
1677,158,2025-08-01,1343.23,1379.20,35.97,45.00,1618.65,False,5
1641,157,2025-08-01,1431.29,1488.40,57.11,45.00,2569.95,False,5
1605,156,2025-08-01,1395.89,1450.96,55.07,45.00,2478.15,False,5
1569,155,2025-08-01,1324.66,1373.20,48.54,45.00,2184.30,False,5
1533,154,2025-08-01,1401.12,1439.40,38.28,45.00,1722.60,False,5
1497,153,2025-08-01,1405.94,1459.47,53.53,45.00,2408.85,False,5
1461,152,2025-08-01,1268.06,1320.01,51.95,45.00,2337.75,False,5
1425,151,2025-08-01,1389.96,1437.29,47.33,45.00,2129.85,False,5
1389,150,2025-08-01,1278.39,1342.48,64.09,45.00,2884.05,False,5
1353,149,2025-08-01,1277.31,1322.89,45.58,45.00,2051.10,False,5
1317,148,2025-08-01,1334.94,1398.18,63.24,45.00,2845.80,False,5
1281,147,2025-08-01,1368.66,1398.66,30.00,45.00,1350.00,False,5
1245,146,2025-08-01,1365.12,1421.50,56.38,45.00,2537.10,False,5
1209,145,2025-08-01,1380.03,1423.62,43.59,45.00,1961.55,False,5
2576,183,2025-07-01,1295.84,1357.59,61.75,45.00,2778.75,False,5
2540,182,2025-07-01,1404.05,1467.98,63.93,45.00,2876.85,False,5
2504,181,2025-07-01,1325.06,1366.70,41.64,45.00,1873.80,False,5
2468,180,2025-07-01,1175.70,1237.63,61.93,45.00,2786.85,False,5
2432,179,2025-07-01,1275.58,1308.35,32.77,45.00,1474.65,False,5
2396,178,2025-07-01,1247.00,1305.18,58.18,45.00,2618.10,False,5
2360,177,2025-07-01,1270.32,1307.78,37.46,45.00,1685.70,False,5
2324,176,2025-07-01,1291.73,1350.91,59.18,45.00,2663.10,False,5
2288,175,2025-07-01,1351.88,1383.26,31.38,45.00,1412.10,False,5
2252,174,2025-07-01,1347.52,1415.38,67.86,45.00,3053.70,False,5
2216,173,2025-07-01,1352.86,1405.49,52.63,45.00,2368.35,False,5
2180,172,2025-07-01,1288.25,1330.06,41.81,45.00,1881.45,False,5
2144,171,2025-07-01,1329.77,1392.68,62.91,45.00,2830.95,False,5
2108,170,2025-07-01,1265.22,1311.64,46.42,45.00,2088.90,False,5
2072,169,2025-07-01,1425.22,1490.23,65.01,45.00,2925.45,False,5
2036,168,2025-07-01,1362.65,1413.47,50.82,45.00,2286.90,False,5
2000,167,2025-07-01,1227.45,1271.13,43.68,45.00,1965.60,False,5
1964,166,2025-07-01,1383.18,1443.79,60.61,45.00,2727.45,False,5
1928,165,2025-07-01,1299.47,1376.50,77.03,45.00,3466.35,False,5
1892,164,2025-07-01,1405.16,1463.60,58.44,45.00,2629.80,False,5
1856,163,2025-07-01,1426.47,1463.07,36.60,45.00,1647.00,False,5
1820,162,2025-07-01,1403.43,1471.34,67.91,45.00,3055.95,False,5
1784,161,2025-07-01,1349.99,1406.14,56.15,45.00,2526.75,False,5
1748,160,2025-07-01,1310.73,1353.92,43.19,45.00,1943.55,False,5
1712,159,2025-07-01,1258.94,1309.20,50.26,45.00,2261.70,False,5
1676,158,2025-07-01,1306.92,1343.23,36.31,45.00,1633.95,False,5
1640,157,2025-07-01,1362.11,1431.29,69.18,45.00,3113.10,False,5
1604,156,2025-07-01,1342.35,1395.89,53.54,45.00,2409.30,False,5
1568,155,2025-07-01,1294.66,1324.66,30.00,45.00,1350.00,False,5
1532,154,2025-07-01,1356.80,1401.12,44.32,45.00,1994.40,False,5
1496,153,2025-07-01,1352.22,1405.94,53.72,45.00,2417.40,False,5
1460,152,2025-07-01,1220.78,1268.06,47.28,45.00,2127.60,False,5
1424,151,2025-07-01,1353.61,1389.96,36.35,45.00,1635.75,False,5
1388,150,2025-07-01,1231.20,1278.39,47.19,45.00,2123.55,False,5
1352,149,2025-07-01,1242.83,1277.31,34.48,45.00,1551.60,False,5
1316,148,2025-07-01,1272.18,1334.94,62.76,45.00,2824.20,False,5
1280,147,2025-07-01,1308.08,1368.66,60.58,45.00,2726.10,False,5
1244,146,2025-07-01,1311.76,1365.12,53.36,45.00,2401.20,False,5
1208,145,2025-07-01,1339.08,1380.03,40.95,45.00,1842.75,False,5
2575,183,2025-06-01,1258.93,1295.84,36.91,45.00,1660.95,False,5
2539,182,2025-06-01,1350.44,1404.05,53.61,45.00,2412.45,False,5
2503,181,2025-06-01,1278.79,1325.06,46.27,45.00,2082.15,False,5
2467,180,2025-06-01,1145.70,1175.70,30.00,45.00,1350.00,False,5
2431,179,2025-06-01,1238.37,1275.58,37.21,45.00,1674.45,False,5
2395,178,2025-06-01,1199.74,1247.00,47.26,45.00,2126.70,False,5
2359,177,2025-06-01,1210.77,1270.32,59.55,45.00,2679.75,False,5
2323,176,2025-06-01,1224.47,1291.73,67.26,45.00,3026.70,False,5
2287,175,2025-06-01,1317.26,1351.88,34.62,45.00,1557.90,False,5
2251,174,2025-06-01,1312.49,1347.52,35.03,45.00,1576.35,False,5
2215,173,2025-06-01,1301.95,1352.86,50.91,45.00,2290.95,False,5
2179,172,2025-06-01,1231.31,1288.25,56.94,45.00,2562.30,False,5
2143,171,2025-06-01,1289.16,1329.77,40.61,45.00,1827.45,False,5
2107,170,2025-06-01,1201.42,1265.22,63.80,45.00,2871.00,False,5
2071,169,2025-06-01,1369.74,1425.22,55.48,45.00,2496.60,False,5
2035,168,2025-06-01,1319.72,1362.65,42.93,45.00,1931.85,False,5
1999,167,2025-06-01,1180.67,1227.45,46.78,45.00,2105.10,False,5
1963,166,2025-06-01,1329.17,1383.18,54.01,45.00,2430.45,False,5
1927,165,2025-06-01,1236.85,1299.47,62.62,45.00,2817.90,False,5
1891,164,2025-06-01,1362.06,1405.16,43.10,45.00,1939.50,False,5
1855,163,2025-06-01,1364.99,1426.47,61.48,45.00,2766.60,False,5
1819,162,2025-06-01,1349.05,1403.43,54.38,45.00,2447.10,False,5
1783,161,2025-06-01,1310.37,1349.99,39.62,45.00,1782.90,False,5
1747,160,2025-06-01,1257.49,1310.73,53.24,45.00,2395.80,False,5
1711,159,2025-06-01,1228.94,1258.94,30.00,45.00,1350.00,False,5
1675,158,2025-06-01,1264.39,1306.92,42.53,45.00,1913.85,False,5
1639,157,2025-06-01,1305.50,1362.11,56.61,45.00,2547.45,False,5
1603,156,2025-06-01,1294.87,1342.35,47.48,45.00,2136.60,False,5
1567,155,2025-06-01,1252.30,1294.66,42.36,45.00,1906.20,False,5
1531,154,2025-06-01,1298.78,1356.80,58.02,45.00,2610.90,False,5
1495,153,2025-06-01,1305.24,1352.22,46.98,45.00,2114.10,False,5
1459,152,2025-06-01,1171.09,1220.78,49.69,45.00,2236.05,False,5
1423,151,2025-06-01,1292.89,1353.61,60.72,45.00,2732.40,False,5
1387,150,2025-06-01,1178.07,1231.20,53.13,45.00,2390.85,False,5
1351,149,2025-06-01,1201.57,1242.83,41.26,45.00,1856.70,False,5
1315,148,2025-06-01,1223.52,1272.18,48.66,45.00,2189.70,False,5
1279,147,2025-06-01,1247.62,1308.08,60.46,45.00,2720.70,False,5
1243,146,2025-06-01,1262.12,1311.76,49.64,45.00,2233.80,False,5
1207,145,2025-06-01,1280.58,1339.08,58.50,45.00,2632.50,False,5
2574,183,2025-05-01,1195.93,1258.93,63.00,45.00,2835.00,False,5
2538,182,2025-05-01,1301.66,1350.44,48.78,45.00,2195.10,False,5
2502,181,2025-05-01,1234.23,1278.79,44.56,45.00,2005.20,False,5
2466,180,2025-05-01,1101.13,1145.70,44.57,45.00,2005.65,False,5
2430,179,2025-05-01,1186.48,1238.37,51.89,45.00,2335.05,False,5
2394,178,2025-05-01,1151.65,1199.74,48.09,45.00,2164.05,False,5
2358,177,2025-05-01,1162.01,1210.77,48.76,45.00,2194.20,False,5
2322,176,2025-05-01,1155.19,1224.47,69.28,45.00,3117.60,False,5
2286,175,2025-05-01,1257.12,1317.26,60.14,45.00,2706.30,False,5
2250,174,2025-05-01,1277.23,1312.49,35.26,45.00,1586.70,False,5
2214,173,2025-05-01,1251.19,1301.95,50.76,45.00,2284.20,False,5
2178,172,2025-05-01,1190.90,1231.31,40.41,45.00,1818.45,False,5
2142,171,2025-05-01,1245.04,1289.16,44.12,45.00,1985.40,False,5
2106,170,2025-05-01,1162.49,1201.42,38.93,45.00,1751.85,False,5
2070,169,2025-05-01,1301.89,1369.74,67.85,45.00,3053.25,False,5
2034,168,2025-05-01,1252.31,1319.72,67.41,45.00,3033.45,False,5
1998,167,2025-05-01,1122.34,1180.67,58.33,45.00,2624.85,False,5
1962,166,2025-05-01,1267.55,1329.17,61.62,45.00,2772.90,False,5
1926,165,2025-05-01,1183.63,1236.85,53.22,45.00,2394.90,False,5
1890,164,2025-05-01,1307.18,1362.06,54.88,45.00,2469.60,False,5
1854,163,2025-05-01,1307.74,1364.99,57.25,45.00,2576.25,False,5
1818,162,2025-05-01,1305.53,1349.05,43.52,45.00,1958.40,False,5
1782,161,2025-05-01,1265.29,1310.37,45.08,45.00,2028.60,False,5
1746,160,2025-05-01,1220.70,1257.49,36.79,45.00,1655.55,False,5
1710,159,2025-05-01,1174.20,1228.94,54.74,45.00,2463.30,False,5
1674,158,2025-05-01,1229.50,1264.39,34.89,45.00,1570.05,False,5
1638,157,2025-05-01,1250.71,1305.50,54.79,45.00,2465.55,False,5
1602,156,2025-05-01,1258.30,1294.87,36.57,45.00,1645.65,False,5
1566,155,2025-05-01,1206.77,1252.30,45.53,45.00,2048.85,False,5
1530,154,2025-05-01,1248.71,1298.78,50.07,45.00,2253.15,False,5
1494,153,2025-05-01,1245.08,1305.24,60.16,45.00,2707.20,False,5
1458,152,2025-05-01,1129.48,1171.09,41.61,45.00,1872.45,False,5
1422,151,2025-05-01,1244.39,1292.89,48.50,45.00,2182.50,False,5
1386,150,2025-05-01,1112.99,1178.07,65.08,45.00,2928.60,False,5
1350,149,2025-05-01,1141.07,1201.57,60.50,45.00,2722.50,False,5
1314,148,2025-05-01,1169.23,1223.52,54.29,45.00,2443.05,False,5
1278,147,2025-05-01,1211.82,1247.62,35.80,45.00,1611.00,False,5
1242,146,2025-05-01,1223.77,1262.12,38.35,45.00,1725.75,False,5
1206,145,2025-05-01,1235.16,1280.58,45.42,45.00,2043.90,False,5
2573,183,2025-04-01,1138.36,1195.93,57.57,45.00,2590.65,False,5
2537,182,2025-04-01,1261.19,1301.66,40.47,45.00,1821.15,False,5
2501,181,2025-04-01,1180.86,1234.23,53.37,45.00,2401.65,False,5
2465,180,2025-04-01,1059.22,1101.13,41.91,45.00,1885.95,False,5
2429,179,2025-04-01,1145.44,1186.48,41.04,45.00,1846.80,False,5
2393,178,2025-04-01,1093.00,1151.65,58.65,45.00,2639.25,False,5
2357,177,2025-04-01,1111.60,1162.01,50.41,45.00,2268.45,False,5
2321,176,2025-04-01,1104.34,1155.19,50.85,45.00,2288.25,False,5
2285,175,2025-04-01,1225.36,1257.12,31.76,45.00,1429.20,False,5
2249,174,2025-04-01,1226.84,1277.23,50.39,45.00,2267.55,False,5
2213,173,2025-04-01,1193.99,1251.19,57.20,45.00,2574.00,False,5
2177,172,2025-04-01,1159.80,1190.90,31.10,45.00,1399.50,False,5
2141,171,2025-04-01,1182.37,1245.04,62.67,45.00,2820.15,False,5
2105,170,2025-04-01,1105.29,1162.49,57.20,45.00,2574.00,False,5
2069,169,2025-04-01,1260.28,1301.89,41.61,45.00,1872.45,False,5
2033,168,2025-04-01,1210.52,1252.31,41.79,45.00,1880.55,False,5
1997,167,2025-04-01,1080.94,1122.34,41.40,45.00,1863.00,False,5
1961,166,2025-04-01,1211.39,1267.55,56.16,45.00,2527.20,False,5
1925,165,2025-04-01,1130.94,1183.63,52.69,45.00,2371.05,False,5
1889,164,2025-04-01,1256.18,1307.18,51.00,45.00,2295.00,False,5
1853,163,2025-04-01,1247.70,1307.74,60.04,45.00,2701.80,False,5
1817,162,2025-04-01,1245.15,1305.53,60.38,45.00,2717.10,False,5
1781,161,2025-04-01,1194.09,1265.29,71.20,45.00,3204.00,False,5
1745,160,2025-04-01,1173.10,1220.70,47.60,45.00,2142.00,False,5
1709,159,2025-04-01,1117.86,1174.20,56.34,45.00,2535.30,False,5
1673,158,2025-04-01,1187.45,1229.50,42.05,45.00,1892.25,False,5
1637,157,2025-04-01,1211.32,1250.71,39.39,45.00,1772.55,False,5
1601,156,2025-04-01,1211.29,1258.30,47.01,45.00,2115.45,False,5
1565,155,2025-04-01,1162.39,1206.77,44.38,45.00,1997.10,False,5
1529,154,2025-04-01,1189.74,1248.71,58.97,45.00,2653.65,False,5
1493,153,2025-04-01,1212.49,1245.08,32.59,45.00,1466.55,False,5
1457,152,2025-04-01,1074.55,1129.48,54.93,45.00,2471.85,False,5
1421,151,2025-04-01,1211.41,1244.39,32.98,45.00,1484.10,False,5
1385,150,2025-04-01,1082.99,1112.99,30.00,45.00,1350.00,False,5
1349,149,2025-04-01,1087.90,1141.07,53.17,45.00,2392.65,False,5
1313,148,2025-04-01,1099.69,1169.23,69.54,45.00,3129.30,False,5
1277,147,2025-04-01,1138.73,1211.82,73.09,45.00,3289.05,False,5
1241,146,2025-04-01,1175.58,1223.77,48.19,45.00,2168.55,False,5
1205,145,2025-04-01,1169.65,1235.16,65.51,45.00,2947.95,False,5
2572,183,2025-03-01,1095.32,1138.36,43.04,45.00,1936.80,False,5
2536,182,2025-03-01,1210.77,1261.19,50.42,45.00,2268.90,False,5
2500,181,2025-03-01,1150.86,1180.86,30.00,45.00,1350.00,False,5
2464,180,2025-03-01,1003.83,1059.22,55.39,45.00,2492.55,False,5
2428,179,2025-03-01,1107.44,1145.44,38.00,45.00,1710.00,False,5
2392,178,2025-03-01,1040.88,1093.00,52.12,45.00,2345.40,False,5
2356,177,2025-03-01,1056.23,1111.60,55.37,45.00,2491.65,False,5
2320,176,2025-03-01,1074.34,1104.34,30.00,45.00,1350.00,False,5
2284,175,2025-03-01,1161.70,1225.36,63.66,45.00,2864.70,False,5
2248,174,2025-03-01,1190.74,1226.84,36.10,45.00,1624.50,False,5
2212,173,2025-03-01,1124.69,1193.99,69.30,45.00,3118.50,False,5
2176,172,2025-03-01,1113.65,1159.80,46.15,45.00,2076.75,False,5
2140,171,2025-03-01,1136.67,1182.37,45.70,45.00,2056.50,False,5
2104,170,2025-03-01,1049.23,1105.29,56.06,45.00,2522.70,False,5
2068,169,2025-03-01,1211.32,1260.28,48.96,45.00,2203.20,False,5
2032,168,2025-03-01,1172.31,1210.52,38.21,45.00,1719.45,False,5
1996,167,2025-03-01,1030.93,1080.94,50.01,45.00,2250.45,False,5
1960,166,2025-03-01,1157.66,1211.39,53.73,45.00,2417.85,False,5
1924,165,2025-03-01,1086.37,1130.94,44.57,45.00,2005.65,False,5
1888,164,2025-03-01,1203.07,1256.18,53.11,45.00,2389.95,False,5
1852,163,2025-03-01,1189.51,1247.70,58.19,45.00,2618.55,False,5
1816,162,2025-03-01,1186.42,1245.15,58.73,45.00,2642.85,False,5
1780,161,2025-03-01,1126.92,1194.09,67.17,45.00,3022.65,False,5
1744,160,2025-03-01,1129.17,1173.10,43.93,45.00,1976.85,False,5
1708,159,2025-03-01,1062.35,1117.86,55.51,45.00,2497.95,False,5
1672,158,2025-03-01,1122.47,1187.45,64.98,45.00,2924.10,False,5
1636,157,2025-03-01,1154.43,1211.32,56.89,45.00,2560.05,False,5
1600,156,2025-03-01,1150.41,1211.29,60.88,45.00,2739.60,False,5
1564,155,2025-03-01,1098.92,1162.39,63.47,45.00,2856.15,False,5
1528,154,2025-03-01,1137.93,1189.74,51.81,45.00,2331.45,False,5
1492,153,2025-03-01,1155.16,1212.49,57.33,45.00,2579.85,False,5
1456,152,2025-03-01,1044.55,1074.55,30.00,45.00,1350.00,False,5
1420,151,2025-03-01,1159.65,1211.41,51.76,45.00,2329.20,False,5
1384,150,2025-03-01,1040.15,1082.99,42.84,45.00,1927.80,False,5
1348,149,2025-03-01,1053.75,1087.90,34.15,45.00,1536.75,False,5
1312,148,2025-03-01,1050.45,1099.69,49.24,45.00,2215.80,False,5
1276,147,2025-03-01,1082.04,1138.73,56.69,45.00,2551.05,False,5
1240,146,2025-03-01,1112.39,1175.58,63.19,45.00,2843.55,False,5
1204,145,2025-03-01,1111.33,1169.65,58.32,45.00,2624.40,False,5
2571,183,2025-02-01,1047.25,1095.32,48.07,45.00,2163.15,False,5
2535,182,2025-02-01,1165.97,1210.77,44.80,45.00,2016.00,False,5
2499,181,2025-02-01,1093.49,1150.86,57.37,45.00,2581.65,False,5
2463,180,2025-02-01,967.15,1003.83,36.68,45.00,1650.60,False,5
2427,179,2025-02-01,1055.93,1107.44,51.51,45.00,2317.95,False,5
2391,178,2025-02-01,997.48,1040.88,43.40,45.00,1953.00,False,5
2355,177,2025-02-01,995.83,1056.23,60.40,45.00,2718.00,False,5
2319,176,2025-02-01,1015.06,1074.34,59.28,45.00,2667.60,False,5
2283,175,2025-02-01,1097.38,1161.70,64.32,45.00,2894.40,False,5
2247,174,2025-02-01,1116.15,1190.74,74.59,45.00,3356.55,False,5
2211,173,2025-02-01,1063.64,1124.69,61.05,45.00,2747.25,False,5
2175,172,2025-02-01,1064.96,1113.65,48.69,45.00,2191.05,False,5
2139,171,2025-02-01,1090.56,1136.67,46.11,45.00,2074.95,False,5
2103,170,2025-02-01,991.93,1049.23,57.30,45.00,2578.50,False,5
2067,169,2025-02-01,1149.64,1211.32,61.68,45.00,2775.60,False,5
2031,168,2025-02-01,1120.44,1172.31,51.87,45.00,2334.15,False,5
1995,167,2025-02-01,969.35,1030.93,61.58,45.00,2771.10,False,5
1959,166,2025-02-01,1098.50,1157.66,59.16,45.00,2662.20,False,5
1923,165,2025-02-01,1036.69,1086.37,49.68,45.00,2235.60,False,5
1887,164,2025-02-01,1141.52,1203.07,61.55,45.00,2769.75,False,5
1851,163,2025-02-01,1153.36,1189.51,36.15,45.00,1626.75,False,5
1815,162,2025-02-01,1134.73,1186.42,51.69,45.00,2326.05,False,5
1779,161,2025-02-01,1079.44,1126.92,47.48,45.00,2136.60,False,5
1743,160,2025-02-01,1082.17,1129.17,47.00,45.00,2115.00,False,5
1707,159,2025-02-01,988.51,1062.35,73.84,45.00,3322.80,False,5
1671,158,2025-02-01,1077.04,1122.47,45.43,45.00,2044.35,False,5
1635,157,2025-02-01,1114.94,1154.43,39.49,45.00,1777.05,False,5
1599,156,2025-02-01,1113.54,1150.41,36.87,45.00,1659.15,False,5
1563,155,2025-02-01,1040.81,1098.92,58.11,45.00,2614.95,False,5
1527,154,2025-02-01,1075.68,1137.93,62.25,45.00,2801.25,False,5
1491,153,2025-02-01,1086.09,1155.16,69.07,45.00,3108.15,False,5
1455,152,2025-02-01,992.46,1044.55,52.09,45.00,2344.05,False,5
1419,151,2025-02-01,1099.28,1159.65,60.37,45.00,2716.65,False,5
1383,150,2025-02-01,990.47,1040.15,49.68,45.00,2235.60,False,5
1347,149,2025-02-01,1007.57,1053.75,46.18,45.00,2078.10,False,5
1311,148,2025-02-01,1007.97,1050.45,42.48,45.00,1911.60,False,5
1275,147,2025-02-01,1024.65,1082.04,57.39,45.00,2582.55,False,5
1239,146,2025-02-01,1069.99,1112.39,42.40,45.00,1908.00,False,5
1203,145,2025-02-01,1060.88,1111.33,50.45,45.00,2270.25,False,5
2570,183,2025-01-01,982.55,1047.25,64.70,45.00,2911.50,False,5
2534,182,2025-01-01,1109.08,1165.97,56.89,45.00,2560.05,False,5
2498,181,2025-01-01,1048.73,1093.49,44.76,45.00,2014.20,False,5
2462,180,2025-01-01,912.90,967.15,54.25,45.00,2441.25,False,5
2426,179,2025-01-01,1007.99,1055.93,47.94,45.00,2157.30,False,5
2390,178,2025-01-01,938.39,997.48,59.09,45.00,2659.05,False,5
2354,177,2025-01-01,963.67,995.83,32.16,45.00,1447.20,False,5
2318,176,2025-01-01,972.66,1015.06,42.40,45.00,1908.00,False,5
2282,175,2025-01-01,1063.06,1097.38,34.32,45.00,1544.40,False,5
2246,174,2025-01-01,1041.04,1116.15,75.11,45.00,3379.95,False,5
2210,173,2025-01-01,1033.64,1063.64,30.00,45.00,1350.00,False,5
2174,172,2025-01-01,1016.36,1064.96,48.60,45.00,2187.00,False,5
2138,171,2025-01-01,1038.93,1090.56,51.63,45.00,2323.35,False,5
2102,170,2025-01-01,943.29,991.93,48.64,45.00,2188.80,False,5
2066,169,2025-01-01,1071.43,1149.64,78.21,45.00,3519.45,False,5
2030,168,2025-01-01,1052.65,1120.44,67.79,45.00,3050.55,False,5
1994,167,2025-01-01,925.72,969.35,43.63,45.00,1963.35,False,5
1958,166,2025-01-01,1038.13,1098.50,60.37,45.00,2716.65,False,5
1922,165,2025-01-01,996.01,1036.69,40.68,45.00,1830.60,False,5
1886,164,2025-01-01,1071.55,1141.52,69.97,45.00,3148.65,False,5
1850,163,2025-01-01,1088.89,1153.36,64.47,45.00,2901.15,False,5
1814,162,2025-01-01,1072.93,1134.73,61.80,45.00,2781.00,False,5
1778,161,2025-01-01,1040.65,1079.44,38.79,45.00,1745.55,False,5
1742,160,2025-01-01,1022.35,1082.17,59.82,45.00,2691.90,False,5
1706,159,2025-01-01,926.21,988.51,62.30,45.00,2803.50,False,5
1670,158,2025-01-01,1032.50,1077.04,44.54,45.00,2004.30,False,5
1634,157,2025-01-01,1078.15,1114.94,36.79,45.00,1655.55,False,5
1598,156,2025-01-01,1063.64,1113.54,49.90,45.00,2245.50,False,5
1562,155,2025-01-01,1010.81,1040.81,30.00,45.00,1350.00,False,5
1526,154,2025-01-01,1010.88,1075.68,64.80,45.00,2916.00,False,5
1490,153,2025-01-01,1029.79,1086.09,56.30,45.00,2533.50,False,5
1454,152,2025-01-01,953.34,992.46,39.12,45.00,1760.40,False,5
1418,151,2025-01-01,1053.89,1099.28,45.39,45.00,2042.55,False,5
1382,150,2025-01-01,953.90,990.47,36.57,45.00,1645.65,False,5
1346,149,2025-01-01,963.94,1007.57,43.63,45.00,1963.35,False,5
1310,148,2025-01-01,970.55,1007.97,37.42,45.00,1683.90,False,5
1274,147,2025-01-01,994.65,1024.65,30.00,45.00,1350.00,False,5
1238,146,2025-01-01,1002.94,1069.99,67.05,45.00,3017.25,False,5
1202,145,2025-01-01,1014.22,1060.88,46.66,45.00,2099.70,False,5
2569,183,2024-12-01,942.74,982.55,39.81,45.00,1791.45,False,5
2533,182,2024-12-01,1049.71,1109.08,59.37,45.00,2671.65,False,5
2497,181,2024-12-01,1018.41,1048.73,30.32,45.00,1364.40,False,5
2461,180,2024-12-01,858.09,912.90,54.81,45.00,2466.45,False,5
2425,179,2024-12-01,959.74,1007.99,48.25,45.00,2171.25,False,5
2389,178,2024-12-01,898.22,938.39,40.17,45.00,1807.65,False,5
2353,177,2024-12-01,933.67,963.67,30.00,45.00,1350.00,False,5
2317,176,2024-12-01,939.42,972.66,33.24,45.00,1495.80,False,5
2281,175,2024-12-01,1024.46,1063.06,38.60,45.00,1737.00,False,5
2245,174,2024-12-01,988.35,1041.04,52.69,45.00,2371.05,False,5
2209,173,2024-12-01,958.28,1033.64,75.36,45.00,3391.20,False,5
2173,172,2024-12-01,964.38,1016.36,51.98,45.00,2339.10,False,5
2137,171,2024-12-01,1004.37,1038.93,34.56,45.00,1555.20,False,5
2101,170,2024-12-01,894.26,943.29,49.03,45.00,2206.35,False,5
2065,169,2024-12-01,1010.36,1071.43,61.07,45.00,2748.15,False,5
2029,168,2024-12-01,996.00,1052.65,56.65,45.00,2549.25,False,5
1993,167,2024-12-01,893.03,925.72,32.69,45.00,1471.05,False,5
1957,166,2024-12-01,999.38,1038.13,38.75,45.00,1743.75,False,5
1921,165,2024-12-01,938.96,996.01,57.05,45.00,2567.25,False,5
1885,164,2024-12-01,1026.89,1071.55,44.66,45.00,2009.70,False,5
1849,163,2024-12-01,1030.24,1088.89,58.65,45.00,2639.25,False,5
1813,162,2024-12-01,1023.36,1072.93,49.57,45.00,2230.65,False,5
1777,161,2024-12-01,998.42,1040.65,42.23,45.00,1900.35,False,5
1741,160,2024-12-01,965.31,1022.35,57.04,45.00,2566.80,False,5
1705,159,2024-12-01,884.89,926.21,41.32,45.00,1859.40,False,5
1669,158,2024-12-01,967.75,1032.50,64.75,45.00,2913.75,False,5
1633,157,2024-12-01,1032.15,1078.15,46.00,45.00,2070.00,False,5
1597,156,2024-12-01,1006.25,1063.64,57.39,45.00,2582.55,False,5
1561,155,2024-12-01,977.77,1010.81,33.04,45.00,1486.80,False,5
1525,154,2024-12-01,934.75,1010.88,76.13,45.00,3425.85,False,5
1489,153,2024-12-01,983.15,1029.79,46.64,45.00,2098.80,False,5
1453,152,2024-12-01,909.42,953.34,43.92,45.00,1976.40,False,5
1417,151,2024-12-01,1014.68,1053.89,39.21,45.00,1764.45,False,5
1381,150,2024-12-01,884.10,953.90,69.80,45.00,3141.00,False,5
1345,149,2024-12-01,925.61,963.94,38.33,45.00,1724.85,False,5
1309,148,2024-12-01,929.91,970.55,40.64,45.00,1828.80,False,5
1273,147,2024-12-01,948.49,994.65,46.16,45.00,2077.20,False,5
1237,146,2024-12-01,965.17,1002.94,37.77,45.00,1699.65,False,5
1201,145,2024-12-01,956.16,1014.22,58.06,45.00,2612.70,False,5
2568,183,2024-11-01,912.74,942.74,30.00,45.00,1350.00,False,5
2532,182,2024-11-01,1008.44,1049.71,41.27,45.00,1857.15,False,5
2496,181,2024-11-01,972.15,1018.41,46.26,45.00,2081.70,False,5
2460,180,2024-11-01,810.68,858.09,47.41,45.00,2133.45,False,5
2424,179,2024-11-01,899.97,959.74,59.77,45.00,2689.65,False,5
2388,178,2024-11-01,851.85,898.22,46.37,45.00,2086.65,False,5
2352,177,2024-11-01,903.67,933.67,30.00,45.00,1350.00,False,5
2316,176,2024-11-01,899.30,939.42,40.12,45.00,1805.40,False,5
2280,175,2024-11-01,975.70,1024.46,48.76,45.00,2194.20,False,5
2244,174,2024-11-01,943.19,988.35,45.16,45.00,2032.20,False,5
2208,173,2024-11-01,901.72,958.28,56.56,45.00,2545.20,False,5
2172,172,2024-11-01,934.38,964.38,30.00,45.00,1350.00,False,5
2136,171,2024-11-01,950.88,1004.37,53.49,45.00,2407.05,False,5
2100,170,2024-11-01,828.00,894.26,66.26,45.00,2981.70,False,5
2064,169,2024-11-01,965.74,1010.36,44.62,45.00,2007.90,False,5
2028,168,2024-11-01,946.37,996.00,49.63,45.00,2233.35,False,5
1992,167,2024-11-01,852.94,893.03,40.09,45.00,1804.05,False,5
1956,166,2024-11-01,934.93,999.38,64.45,45.00,2900.25,False,5
1920,165,2024-11-01,876.52,938.96,62.44,45.00,2809.80,False,5
1884,164,2024-11-01,965.01,1026.89,61.88,45.00,2784.60,False,5
1848,163,2024-11-01,974.49,1030.24,55.75,45.00,2508.75,False,5
1812,162,2024-11-01,970.41,1023.36,52.95,45.00,2382.75,False,5
1776,161,2024-11-01,915.96,998.42,82.46,45.00,3710.70,False,5
1740,160,2024-11-01,928.68,965.31,36.63,45.00,1648.35,False,5
1704,159,2024-11-01,829.44,884.89,55.45,45.00,2495.25,False,5
1668,158,2024-11-01,929.90,967.75,37.85,45.00,1703.25,False,5
1632,157,2024-11-01,983.48,1032.15,48.67,45.00,2190.15,False,5
1596,156,2024-11-01,949.01,1006.25,57.24,45.00,2575.80,False,5
1560,155,2024-11-01,941.06,977.77,36.71,45.00,1651.95,False,5
1524,154,2024-11-01,877.68,934.75,57.07,45.00,2568.15,False,5
1488,153,2024-11-01,932.66,983.15,50.49,45.00,2272.05,False,5
1452,152,2024-11-01,867.86,909.42,41.56,45.00,1870.20,False,5
1416,151,2024-11-01,947.81,1014.68,66.87,45.00,3009.15,False,5
1380,150,2024-11-01,831.60,884.10,52.50,45.00,2362.50,False,5
1344,149,2024-11-01,894.96,925.61,30.65,45.00,1379.25,False,5
1308,148,2024-11-01,890.91,929.91,39.00,45.00,1755.00,False,5
1272,147,2024-11-01,901.00,948.49,47.49,45.00,2137.05,False,5
1236,146,2024-11-01,916.09,965.17,49.08,45.00,2208.60,False,5
1200,145,2024-11-01,903.64,956.16,52.52,45.00,2363.40,False,5
2567,183,2024-10-01,868.30,912.74,44.44,45.00,1999.80,False,5
2531,182,2024-10-01,945.77,1008.44,62.67,45.00,2820.15,False,5
2495,181,2024-10-01,908.65,972.15,63.50,45.00,2857.50,False,5
2459,180,2024-10-01,778.66,810.68,32.02,45.00,1440.90,False,5
2423,179,2024-10-01,841.91,899.97,58.06,45.00,2612.70,False,5
2387,178,2024-10-01,793.38,851.85,58.47,45.00,2631.15,False,5
2351,177,2024-10-01,857.93,903.67,45.74,45.00,2058.30,False,5
2315,176,2024-10-01,849.24,899.30,50.06,45.00,2252.70,False,5
2279,175,2024-10-01,927.02,975.70,48.68,45.00,2190.60,False,5
2243,174,2024-10-01,891.34,943.19,51.85,45.00,2333.25,False,5
2207,173,2024-10-01,838.10,901.72,63.62,45.00,2862.90,False,5
2171,172,2024-10-01,891.15,934.38,43.23,45.00,1945.35,False,5
2135,171,2024-10-01,902.88,950.88,48.00,45.00,2160.00,False,5
2099,170,2024-10-01,788.05,828.00,39.95,45.00,1797.75,False,5
2063,169,2024-10-01,910.90,965.74,54.84,45.00,2467.80,False,5
2027,168,2024-10-01,900.95,946.37,45.42,45.00,2043.90,False,5
1991,167,2024-10-01,806.31,852.94,46.63,45.00,2098.35,False,5
1955,166,2024-10-01,877.81,934.93,57.12,45.00,2570.40,False,5
1919,165,2024-10-01,835.05,876.52,41.47,45.00,1866.15,False,5
1883,164,2024-10-01,902.86,965.01,62.15,45.00,2796.75,False,5
1847,163,2024-10-01,922.49,974.49,52.00,45.00,2340.00,False,5
1811,162,2024-10-01,917.41,970.41,53.00,45.00,2385.00,False,5
1775,161,2024-10-01,872.92,915.96,43.04,45.00,1936.80,False,5
1739,160,2024-10-01,878.41,928.68,50.27,45.00,2262.15,False,5
1703,159,2024-10-01,771.68,829.44,57.76,45.00,2599.20,False,5
1667,158,2024-10-01,873.51,929.90,56.39,45.00,2537.55,False,5
1631,157,2024-10-01,945.46,983.48,38.02,45.00,1710.90,False,5
1595,156,2024-10-01,910.87,949.01,38.14,45.00,1716.30,False,5
1559,155,2024-10-01,902.25,941.06,38.81,45.00,1746.45,False,5
1523,154,2024-10-01,847.68,877.68,30.00,45.00,1350.00,False,5
1487,153,2024-10-01,879.32,932.66,53.34,45.00,2400.30,False,5
1451,152,2024-10-01,830.20,867.86,37.66,45.00,1694.70,False,5
1415,151,2024-10-01,908.37,947.81,39.44,45.00,1774.80,False,5
1379,150,2024-10-01,776.18,831.60,55.42,45.00,2493.90,False,5
1343,149,2024-10-01,834.77,894.96,60.19,45.00,2708.55,False,5
1307,148,2024-10-01,833.10,890.91,57.81,45.00,2601.45,False,5
1271,147,2024-10-01,858.92,901.00,42.08,45.00,1893.60,False,5
1235,146,2024-10-01,851.46,916.09,64.63,45.00,2908.35,False,5
1199,145,2024-10-01,854.55,903.64,49.09,45.00,2209.05,False,5
2566,183,2024-09-01,824.95,868.30,43.35,45.00,1950.75,False,5
2530,182,2024-09-01,889.58,945.77,56.19,45.00,2528.55,False,5
2494,181,2024-09-01,859.30,908.65,49.35,45.00,2220.75,False,5
2458,180,2024-09-01,740.32,778.66,38.34,45.00,1725.30,False,5
2422,179,2024-09-01,786.37,841.91,55.54,45.00,2499.30,False,5
2386,178,2024-09-01,763.38,793.38,30.00,45.00,1350.00,False,5
2350,177,2024-09-01,789.93,857.93,68.00,45.00,3060.00,False,5
2314,176,2024-09-01,788.71,849.24,60.53,45.00,2723.85,False,5
2278,175,2024-09-01,859.26,927.02,67.76,45.00,3049.20,False,5
2242,174,2024-09-01,845.84,891.34,45.50,45.00,2047.50,False,5
2206,173,2024-09-01,789.54,838.10,48.56,45.00,2185.20,False,5
2170,172,2024-09-01,853.46,891.15,37.69,45.00,1696.05,False,5
2134,171,2024-09-01,850.82,902.88,52.06,45.00,2342.70,False,5
2098,170,2024-09-01,744.69,788.05,43.36,45.00,1951.20,False,5
2062,169,2024-09-01,850.80,910.90,60.10,45.00,2704.50,False,5
2026,168,2024-09-01,849.81,900.95,51.14,45.00,2301.30,False,5
1990,167,2024-09-01,740.53,806.31,65.78,45.00,2960.10,False,5
1954,166,2024-09-01,829.84,877.81,47.97,45.00,2158.65,False,5
1918,165,2024-09-01,799.03,835.05,36.02,45.00,1620.90,False,5
1882,164,2024-09-01,844.57,902.86,58.29,45.00,2623.05,False,5
1846,163,2024-09-01,860.01,922.49,62.48,45.00,2811.60,False,5
1810,162,2024-09-01,839.32,917.41,78.09,45.00,3514.05,False,5
1774,161,2024-09-01,813.06,872.92,59.86,45.00,2693.70,False,5
1738,160,2024-09-01,825.89,878.41,52.52,45.00,2363.40,False,5
1702,159,2024-09-01,725.47,771.68,46.21,45.00,2079.45,False,5
1666,158,2024-09-01,809.51,873.51,64.00,45.00,2880.00,False,5
1630,157,2024-09-01,898.29,945.46,47.17,45.00,2122.65,False,5
1594,156,2024-09-01,854.99,910.87,55.88,45.00,2514.60,False,5
1558,155,2024-09-01,859.79,902.25,42.46,45.00,1910.70,False,5
1522,154,2024-09-01,813.95,847.68,33.73,45.00,1517.85,False,5
1486,153,2024-09-01,840.20,879.32,39.12,45.00,1760.40,False,5
1450,152,2024-09-01,796.72,830.20,33.48,45.00,1506.60,False,5
1414,151,2024-09-01,855.27,908.37,53.10,45.00,2389.50,False,5
1378,150,2024-09-01,720.79,776.18,55.39,45.00,2492.55,False,5
1342,149,2024-09-01,794.96,834.77,39.81,45.00,1791.45,False,5
1306,148,2024-09-01,773.07,833.10,60.03,45.00,2701.35,False,5
1270,147,2024-09-01,819.67,858.92,39.25,45.00,1766.25,False,5
1234,146,2024-09-01,807.74,851.46,43.72,45.00,1967.40,False,5
1198,145,2024-09-01,786.84,854.55,67.71,45.00,3046.95,False,5
2565,183,2024-08-01,772.73,824.95,52.22,45.00,2349.90,False,5
2529,182,2024-08-01,837.06,889.58,52.52,45.00,2363.40,False,5
2493,181,2024-08-01,826.42,859.30,32.88,45.00,1479.60,False,5
2457,180,2024-08-01,709.11,740.32,31.21,45.00,1404.45,False,5
2421,179,2024-08-01,722.62,786.37,63.75,45.00,2868.75,False,5
2385,178,2024-08-01,710.56,763.38,52.82,45.00,2376.90,False,5
2349,177,2024-08-01,749.73,789.93,40.20,45.00,1809.00,False,5
2313,176,2024-08-01,726.30,788.71,62.41,45.00,2808.45,False,5
2277,175,2024-08-01,811.20,859.26,48.06,45.00,2162.70,False,5
2241,174,2024-08-01,811.99,845.84,33.85,45.00,1523.25,False,5
2205,173,2024-08-01,749.74,789.54,39.80,45.00,1791.00,False,5
2169,172,2024-08-01,803.52,853.46,49.94,45.00,2247.30,False,5
2133,171,2024-08-01,791.00,850.82,59.82,45.00,2691.90,False,5
2097,170,2024-08-01,711.96,744.69,32.73,45.00,1472.85,False,5
2061,169,2024-08-01,797.78,850.80,53.02,45.00,2385.90,False,5
2025,168,2024-08-01,798.98,849.81,50.83,45.00,2287.35,False,5
1989,167,2024-08-01,662.77,740.53,77.76,45.00,3499.20,False,5
1953,166,2024-08-01,789.05,829.84,40.79,45.00,1835.55,False,5
1917,165,2024-08-01,751.70,799.03,47.33,45.00,2129.85,False,5
1881,164,2024-08-01,811.98,844.57,32.59,45.00,1466.55,False,5
1845,163,2024-08-01,807.82,860.01,52.19,45.00,2348.55,False,5
1809,162,2024-08-01,767.31,839.32,72.01,45.00,3240.45,False,5
1773,161,2024-08-01,743.96,813.06,69.10,45.00,3109.50,False,5
1737,160,2024-08-01,795.89,825.89,30.00,45.00,1350.00,False,5
1701,159,2024-08-01,691.03,725.47,34.44,45.00,1549.80,False,5
1665,158,2024-08-01,762.99,809.51,46.52,45.00,2093.40,False,5
1629,157,2024-08-01,826.94,898.29,71.35,45.00,3210.75,False,5
1593,156,2024-08-01,824.99,854.99,30.00,45.00,1350.00,False,5
1557,155,2024-08-01,800.10,859.79,59.69,45.00,2686.05,False,5
1521,154,2024-08-01,773.23,813.95,40.72,45.00,1832.40,False,5
1485,153,2024-08-01,785.98,840.20,54.22,45.00,2439.90,False,5
1449,152,2024-08-01,753.14,796.72,43.58,45.00,1961.10,False,5
1413,151,2024-08-01,792.78,855.27,62.49,45.00,2812.05,False,5
1377,150,2024-08-01,674.24,720.79,46.55,45.00,2094.75,False,5
1341,149,2024-08-01,750.70,794.96,44.26,45.00,1991.70,False,5
1305,148,2024-08-01,725.19,773.07,47.88,45.00,2154.60,False,5
1269,147,2024-08-01,771.53,819.67,48.14,45.00,2166.30,False,5
1233,146,2024-08-01,777.74,807.74,30.00,45.00,1350.00,False,5
1197,145,2024-08-01,740.07,786.84,46.77,45.00,2104.65,False,5
2564,183,2024-07-01,715.14,772.73,57.59,45.00,2591.55,False,5
2528,182,2024-07-01,772.23,837.06,64.83,45.00,2917.35,False,5
2492,181,2024-07-01,779.16,826.42,47.26,45.00,2126.70,False,5
2456,180,2024-07-01,657.14,709.11,51.97,45.00,2338.65,False,5
2420,179,2024-07-01,680.44,722.62,42.18,45.00,1898.10,False,5
2384,178,2024-07-01,641.69,710.56,68.87,45.00,3099.15,False,5
2348,177,2024-07-01,697.57,749.73,52.16,45.00,2347.20,False,5
2312,176,2024-07-01,665.34,726.30,60.96,45.00,2743.20,False,5
2276,175,2024-07-01,769.75,811.20,41.45,45.00,1865.25,False,5
2240,174,2024-07-01,740.65,811.99,71.34,45.00,3210.30,False,5
2204,173,2024-07-01,714.19,749.74,35.55,45.00,1599.75,False,5
2168,172,2024-07-01,757.74,803.52,45.78,45.00,2060.10,False,5
2132,171,2024-07-01,737.26,791.00,53.74,45.00,2418.30,False,5
2096,170,2024-07-01,670.48,711.96,41.48,45.00,1866.60,False,5
2060,169,2024-07-01,746.66,797.78,51.12,45.00,2300.40,False,5
2024,168,2024-07-01,768.98,798.98,30.00,45.00,1350.00,False,5
1988,167,2024-07-01,625.96,662.77,36.81,45.00,1656.45,False,5
1952,166,2024-07-01,721.60,789.05,67.45,45.00,3035.25,False,5
1916,165,2024-07-01,706.72,751.70,44.98,45.00,2024.10,False,5
1880,164,2024-07-01,756.88,811.98,55.10,45.00,2479.50,False,5
1844,163,2024-07-01,744.24,807.82,63.58,45.00,2861.10,False,5
1808,162,2024-07-01,725.57,767.31,41.74,45.00,1878.30,False,5
1772,161,2024-07-01,691.69,743.96,52.27,45.00,2352.15,False,5
1736,160,2024-07-01,744.48,795.89,51.41,45.00,2313.45,False,5
1700,159,2024-07-01,613.66,691.03,77.37,45.00,3481.65,False,5
1664,158,2024-07-01,718.72,762.99,44.27,45.00,1992.15,False,5
1628,157,2024-07-01,783.66,826.94,43.28,45.00,1947.60,False,5
1592,156,2024-07-01,769.60,824.99,55.39,45.00,2492.55,False,5
1556,155,2024-07-01,743.27,800.10,56.83,45.00,2557.35,False,5
1520,154,2024-07-01,714.96,773.23,58.27,45.00,2622.15,False,5
1484,153,2024-07-01,731.48,785.98,54.50,45.00,2452.50,False,5
1448,152,2024-07-01,703.55,753.14,49.59,45.00,2231.55,False,5
1412,151,2024-07-01,754.05,792.78,38.73,45.00,1742.85,False,5
1376,150,2024-07-01,621.17,674.24,53.07,45.00,2388.15,False,5
1340,149,2024-07-01,718.39,750.70,32.31,45.00,1453.95,False,5
1304,148,2024-07-01,679.46,725.19,45.73,45.00,2057.85,False,5
1268,147,2024-07-01,728.06,771.53,43.47,45.00,1956.15,False,5
1232,146,2024-07-01,747.74,777.74,30.00,45.00,1350.00,False,5
1196,145,2024-07-01,682.89,740.07,57.18,45.00,2573.10,False,5
2563,183,2024-06-01,666.76,715.14,48.38,45.00,2177.10,False,5
2527,182,2024-06-01,731.58,772.23,40.65,45.00,1829.25,False,5
2491,181,2024-06-01,704.46,779.16,74.70,45.00,3361.50,False,5
2455,180,2024-06-01,627.14,657.14,30.00,45.00,1350.00,False,5
2419,179,2024-06-01,642.42,680.44,38.02,45.00,1710.90,False,5
2383,178,2024-06-01,579.66,641.69,62.03,45.00,2791.35,False,5
2347,177,2024-06-01,640.89,697.57,56.68,45.00,2550.60,False,5
2311,176,2024-06-01,632.44,665.34,32.90,45.00,1480.50,False,5
2275,175,2024-06-01,721.93,769.75,47.82,45.00,2151.90,False,5
2239,174,2024-06-01,686.76,740.65,53.89,45.00,2425.05,False,5
2203,173,2024-06-01,668.85,714.19,45.34,45.00,2040.30,False,5
2167,172,2024-06-01,711.27,757.74,46.47,45.00,2091.15,False,5
2131,171,2024-06-01,688.35,737.26,48.91,45.00,2200.95,False,5
2095,170,2024-06-01,635.55,670.48,34.93,45.00,1571.85,False,5
2059,169,2024-06-01,691.87,746.66,54.79,45.00,2465.55,False,5
2023,168,2024-06-01,705.61,768.98,63.37,45.00,2851.65,False,5
1987,167,2024-06-01,578.95,625.96,47.01,45.00,2115.45,False,5
1951,166,2024-06-01,659.96,721.60,61.64,45.00,2773.80,False,5
1915,165,2024-06-01,630.70,706.72,76.02,45.00,3420.90,False,5
1879,164,2024-06-01,699.65,756.88,57.23,45.00,2575.35,False,5
1843,163,2024-06-01,707.17,744.24,37.07,45.00,1668.15,False,5
1807,162,2024-06-01,660.30,725.57,65.27,45.00,2937.15,False,5
1771,161,2024-06-01,641.40,691.69,50.29,45.00,2263.05,False,5
1735,160,2024-06-01,686.12,744.48,58.36,45.00,2626.20,False,5
1699,159,2024-06-01,579.22,613.66,34.44,45.00,1549.80,False,5
1663,158,2024-06-01,683.66,718.72,35.06,45.00,1577.70,False,5
1627,157,2024-06-01,740.21,783.66,43.45,45.00,1955.25,False,5
1591,156,2024-06-01,699.07,769.60,70.53,45.00,3173.85,False,5
1555,155,2024-06-01,695.93,743.27,47.34,45.00,2130.30,False,5
1519,154,2024-06-01,658.43,714.96,56.53,45.00,2543.85,False,5
1483,153,2024-06-01,685.10,731.48,46.38,45.00,2087.10,False,5
1447,152,2024-06-01,650.90,703.55,52.65,45.00,2369.25,False,5
1411,151,2024-06-01,699.79,754.05,54.26,45.00,2441.70,False,5
1375,150,2024-06-01,570.79,621.17,50.38,45.00,2267.10,False,5
1339,149,2024-06-01,653.09,718.39,65.30,45.00,2938.50,False,5
1303,148,2024-06-01,622.95,679.46,56.51,45.00,2542.95,False,5
1267,147,2024-06-01,678.79,728.06,49.27,45.00,2217.15,False,5
1231,146,2024-06-01,690.54,747.74,57.20,45.00,2574.00,False,5
1195,145,2024-06-01,608.90,682.89,73.99,45.00,3329.55,False,5
2562,183,2024-05-01,608.58,666.76,58.18,45.00,2618.10,False,5
2526,182,2024-05-01,694.21,731.58,37.37,45.00,1681.65,False,5
2490,181,2024-05-01,652.83,704.46,51.63,45.00,2323.35,False,5
2454,180,2024-05-01,576.62,627.14,50.52,45.00,2273.40,False,5
2418,179,2024-05-01,612.42,642.42,30.00,45.00,1350.00,False,5
2382,178,2024-05-01,537.82,579.66,41.84,45.00,1882.80,False,5
2346,177,2024-05-01,568.34,640.89,72.55,45.00,3264.75,False,5
2310,176,2024-05-01,601.87,632.44,30.57,45.00,1375.65,False,5
2274,175,2024-05-01,670.75,721.93,51.18,45.00,2303.10,False,5
2238,174,2024-05-01,651.34,686.76,35.42,45.00,1593.90,False,5
2202,173,2024-05-01,638.85,668.85,30.00,45.00,1350.00,False,5
2166,172,2024-05-01,651.12,711.27,60.15,45.00,2706.75,False,5
2130,171,2024-05-01,632.01,688.35,56.34,45.00,2535.30,False,5
2094,170,2024-05-01,594.59,635.55,40.96,45.00,1843.20,False,5
2058,169,2024-05-01,624.85,691.87,67.02,45.00,3015.90,False,5
2022,168,2024-05-01,642.12,705.61,63.49,45.00,2857.05,False,5
1986,167,2024-05-01,530.44,578.95,48.51,45.00,2182.95,False,5
1950,166,2024-05-01,626.16,659.96,33.80,45.00,1521.00,False,5
1914,165,2024-05-01,596.58,630.70,34.12,45.00,1535.40,False,5
1878,164,2024-05-01,665.23,699.65,34.42,45.00,1548.90,False,5
1842,163,2024-05-01,644.63,707.17,62.54,45.00,2814.30,False,5
1806,162,2024-05-01,630.30,660.30,30.00,45.00,1350.00,False,5
1770,161,2024-05-01,568.62,641.40,72.78,45.00,3275.10,False,5
1734,160,2024-05-01,619.40,686.12,66.72,45.00,3002.40,False,5
1698,159,2024-05-01,543.08,579.22,36.14,45.00,1626.30,False,5
1662,158,2024-05-01,622.05,683.66,61.61,45.00,2772.45,False,5
1626,157,2024-05-01,665.06,740.21,75.15,45.00,3381.75,False,5
1590,156,2024-05-01,650.30,699.07,48.77,45.00,2194.65,False,5
1554,155,2024-05-01,628.36,695.93,67.57,45.00,3040.65,False,5
1518,154,2024-05-01,602.61,658.43,55.82,45.00,2511.90,False,5
1482,153,2024-05-01,646.57,685.10,38.53,45.00,1733.85,False,5
1446,152,2024-05-01,614.84,650.90,36.06,45.00,1622.70,False,5
1410,151,2024-05-01,653.19,699.79,46.60,45.00,2097.00,False,5
1374,150,2024-05-01,530.91,570.79,39.88,45.00,1794.60,False,5
1338,149,2024-05-01,611.59,653.09,41.50,45.00,1867.50,False,5
1302,148,2024-05-01,578.99,622.95,43.96,45.00,1978.20,False,5
1266,147,2024-05-01,630.60,678.79,48.19,45.00,2168.55,False,5
1230,146,2024-05-01,620.01,690.54,70.53,45.00,3173.85,False,5
1194,145,2024-05-01,563.64,608.90,45.26,45.00,2036.70,False,5
2561,183,2024-04-01,568.08,608.58,40.50,45.00,1822.50,False,5
2525,182,2024-04-01,639.60,694.21,54.61,45.00,2457.45,False,5
2489,181,2024-04-01,588.44,652.83,64.39,45.00,2897.55,False,5
2453,180,2024-04-01,524.81,576.62,51.81,45.00,2331.45,False,5
2417,179,2024-04-01,579.58,612.42,32.84,45.00,1477.80,False,5
2381,178,2024-04-01,507.82,537.82,30.00,45.00,1350.00,False,5
2345,177,2024-04-01,514.24,568.34,54.10,45.00,2434.50,False,5
2309,176,2024-04-01,554.50,601.87,47.37,45.00,2131.65,False,5
2273,175,2024-04-01,633.05,670.75,37.70,45.00,1696.50,False,5
2237,174,2024-04-01,574.67,651.34,76.67,45.00,3450.15,False,5
2201,173,2024-04-01,593.47,638.85,45.38,45.00,2042.10,False,5
2165,172,2024-04-01,595.08,651.12,56.04,45.00,2521.80,False,5
2129,171,2024-04-01,592.01,632.01,40.00,45.00,1800.00,False,5
2093,170,2024-04-01,552.13,594.59,42.46,45.00,1910.70,False,5
2057,169,2024-04-01,573.41,624.85,51.44,45.00,2314.80,False,5
2021,168,2024-04-01,570.57,642.12,71.55,45.00,3219.75,False,5
1985,167,2024-04-01,490.76,530.44,39.68,45.00,1785.60,False,5
1949,166,2024-04-01,567.00,626.16,59.16,45.00,2662.20,False,5
1913,165,2024-04-01,549.69,596.58,46.89,45.00,2110.05,False,5
1877,164,2024-04-01,601.90,665.23,63.33,45.00,2849.85,False,5
1841,163,2024-04-01,588.21,644.63,56.42,45.00,2538.90,False,5
1805,162,2024-04-01,573.83,630.30,56.47,45.00,2541.15,False,5
1769,161,2024-04-01,513.38,568.62,55.24,45.00,2485.80,False,5
1733,160,2024-04-01,583.83,619.40,35.57,45.00,1600.65,False,5
1697,159,2024-04-01,505.19,543.08,37.89,45.00,1705.05,False,5
1661,158,2024-04-01,554.71,622.05,67.34,45.00,3030.30,False,5
1625,157,2024-04-01,613.47,665.06,51.59,45.00,2321.55,False,5
1589,156,2024-04-01,594.88,650.30,55.42,45.00,2493.90,False,5
1553,155,2024-04-01,566.38,628.36,61.98,45.00,2789.10,False,5
1517,154,2024-04-01,536.34,602.61,66.27,45.00,2982.15,False,5
1481,153,2024-04-01,579.85,646.57,66.72,45.00,3002.40,False,5
1445,152,2024-04-01,552.84,614.84,62.00,45.00,2790.00,False,5
1409,151,2024-04-01,596.32,653.19,56.87,45.00,2559.15,False,5
1373,150,2024-04-01,491.82,530.91,39.09,45.00,1759.05,False,5
1337,149,2024-04-01,563.68,611.59,47.91,45.00,2155.95,False,5
1301,148,2024-04-01,517.85,578.99,61.14,45.00,2751.30,False,5
1265,147,2024-04-01,581.85,630.60,48.75,45.00,2193.75,False,5
1229,146,2024-04-01,588.44,620.01,31.57,45.00,1420.65,False,5
1193,145,2024-04-01,522.67,563.64,40.97,45.00,1843.65,False,5
2560,183,2024-03-01,508.31,568.08,59.77,45.00,2689.65,False,5
2524,182,2024-03-01,575.47,639.60,64.13,45.00,2885.85,False,5
2488,181,2024-03-01,533.89,588.44,54.55,45.00,2454.75,False,5
2452,180,2024-03-01,478.59,524.81,46.22,45.00,2079.90,False,5
2416,179,2024-03-01,540.36,579.58,39.22,45.00,1764.90,False,5
2380,178,2024-03-01,465.56,507.82,42.26,45.00,1901.70,False,5
2344,177,2024-03-01,472.18,514.24,42.06,45.00,1892.70,False,5
2308,176,2024-03-01,499.24,554.50,55.26,45.00,2486.70,False,5
2272,175,2024-03-01,575.55,633.05,57.50,45.00,2587.50,False,5
2236,174,2024-03-01,524.63,574.67,50.04,45.00,2251.80,False,5
2200,173,2024-03-01,545.35,593.47,48.12,45.00,2165.40,False,5
2164,172,2024-03-01,547.38,595.08,47.70,45.00,2146.50,False,5
2128,171,2024-03-01,539.42,592.01,52.59,45.00,2366.55,False,5
2092,170,2024-03-01,496.31,552.13,55.82,45.00,2511.90,False,5
2056,169,2024-03-01,523.02,573.41,50.39,45.00,2267.55,False,5
2020,168,2024-03-01,513.48,570.57,57.09,45.00,2569.05,False,5
1984,167,2024-03-01,424.57,490.76,66.19,45.00,2978.55,False,5
1948,166,2024-03-01,516.15,567.00,50.85,45.00,2288.25,False,5
1912,165,2024-03-01,514.61,549.69,35.08,45.00,1578.60,False,5
1876,164,2024-03-01,552.00,601.90,49.90,45.00,2245.50,False,5
1840,163,2024-03-01,533.61,588.21,54.60,45.00,2457.00,False,5
1804,162,2024-03-01,510.55,573.83,63.28,45.00,2847.60,False,5
1768,161,2024-03-01,456.53,513.38,56.85,45.00,2558.25,False,5
1732,160,2024-03-01,526.47,583.83,57.36,45.00,2581.20,False,5
1696,159,2024-03-01,470.49,505.19,34.70,45.00,1561.50,False,5
1660,158,2024-03-01,496.54,554.71,58.17,45.00,2617.65,False,5
1624,157,2024-03-01,548.63,613.47,64.84,45.00,2917.80,False,5
1588,156,2024-03-01,564.79,594.88,30.09,45.00,1354.05,False,5
1552,155,2024-03-01,520.11,566.38,46.27,45.00,2082.15,False,5
1516,154,2024-03-01,485.66,536.34,50.68,45.00,2280.60,False,5
1480,153,2024-03-01,540.33,579.85,39.52,45.00,1778.40,False,5
1444,152,2024-03-01,505.58,552.84,47.26,45.00,2126.70,False,5
1408,151,2024-03-01,566.32,596.32,30.00,45.00,1350.00,False,5
1372,150,2024-03-01,459.21,491.82,32.61,45.00,1467.45,False,5
1336,149,2024-03-01,517.39,563.68,46.29,45.00,2083.05,False,5
1300,148,2024-03-01,487.85,517.85,30.00,45.00,1350.00,False,5
1264,147,2024-03-01,533.63,581.85,48.22,45.00,2169.90,False,5
1228,146,2024-03-01,543.25,588.44,45.19,45.00,2033.55,False,5
1192,145,2024-03-01,474.61,522.67,48.06,45.00,2162.70,False,5
2559,183,2024-02-01,451.36,508.31,56.95,45.00,2562.75,False,5
2523,182,2024-02-01,524.86,575.47,50.61,45.00,2277.45,False,5
2487,181,2024-02-01,482.05,533.89,51.84,45.00,2332.80,False,5
2451,180,2024-02-01,405.90,478.59,72.69,45.00,3271.05,False,5
2415,179,2024-02-01,475.07,540.36,65.29,45.00,2938.05,False,5
2379,178,2024-02-01,421.77,465.56,43.79,45.00,1970.55,False,5
2343,177,2024-02-01,422.09,472.18,50.09,45.00,2254.05,False,5
2307,176,2024-02-01,446.09,499.24,53.15,45.00,2391.75,False,5
2271,175,2024-02-01,511.67,575.55,63.88,45.00,2874.60,False,5
2235,174,2024-02-01,455.85,524.63,68.78,45.00,3095.10,False,5
2199,173,2024-02-01,496.73,545.35,48.62,45.00,2187.90,False,5
2163,172,2024-02-01,505.59,547.38,41.79,45.00,1880.55,False,5
2127,171,2024-02-01,495.33,539.42,44.09,45.00,1984.05,False,5
2091,170,2024-02-01,439.41,496.31,56.90,45.00,2560.50,False,5
2055,169,2024-02-01,490.65,523.02,32.37,45.00,1456.65,False,5
2019,168,2024-02-01,472.56,513.48,40.92,45.00,1841.40,False,5
1983,167,2024-02-01,359.54,424.57,65.03,45.00,2926.35,False,5
1947,166,2024-02-01,441.15,516.15,75.00,45.00,3375.00,False,5
1911,165,2024-02-01,452.66,514.61,61.95,45.00,2787.75,False,5
1875,164,2024-02-01,481.53,552.00,70.47,45.00,3171.15,False,5
1839,163,2024-02-01,472.03,533.61,61.58,45.00,2771.10,False,5
1803,162,2024-02-01,462.45,510.55,48.10,45.00,2164.50,False,5
1767,161,2024-02-01,417.78,456.53,38.75,45.00,1743.75,False,5
1731,160,2024-02-01,496.47,526.47,30.00,45.00,1350.00,False,5
1695,159,2024-02-01,440.49,470.49,30.00,45.00,1350.00,False,5
1659,158,2024-02-01,464.59,496.54,31.95,45.00,1437.75,False,5
1623,157,2024-02-01,482.65,548.63,65.98,45.00,2969.10,False,5
1587,156,2024-02-01,511.68,564.79,53.11,45.00,2389.95,False,5
1551,155,2024-02-01,473.04,520.11,47.07,45.00,2118.15,False,5
1515,154,2024-02-01,432.29,485.66,53.37,45.00,2401.65,False,5
1479,153,2024-02-01,480.17,540.33,60.16,45.00,2707.20,False,5
1443,152,2024-02-01,448.26,505.58,57.32,45.00,2579.40,False,5
1407,151,2024-02-01,513.47,566.32,52.85,45.00,2378.25,False,5
1371,150,2024-02-01,411.13,459.21,48.08,45.00,2163.60,False,5
1335,149,2024-02-01,448.47,517.39,68.92,45.00,3101.40,False,5
1299,148,2024-02-01,438.09,487.85,49.76,45.00,2239.20,False,5
1263,147,2024-02-01,503.63,533.63,30.00,45.00,1350.00,False,5
1227,146,2024-02-01,477.31,543.25,65.94,45.00,2967.30,False,5
1191,145,2024-02-01,437.70,474.61,36.91,45.00,1660.95,False,5
2558,183,2024-01-01,405.95,451.36,45.41,45.00,2043.45,False,5
2522,182,2024-01-01,467.39,524.86,57.47,45.00,2586.15,False,5
2486,181,2024-01-01,401.05,482.05,81.00,45.00,3645.00,False,5
2450,180,2024-01-01,373.91,405.90,31.99,45.00,1439.55,False,5
2414,179,2024-01-01,430.81,475.07,44.26,45.00,1991.70,False,5
2378,178,2024-01-01,363.60,421.77,58.17,45.00,2617.65,False,5
2342,177,2024-01-01,376.40,422.09,45.69,45.00,2056.05,False,5
2306,176,2024-01-01,375.41,446.09,70.68,45.00,3180.60,False,5
2270,175,2024-01-01,457.84,511.67,53.83,45.00,2422.35,False,5
2234,174,2024-01-01,396.17,455.85,59.68,45.00,2685.60,False,5
2198,173,2024-01-01,459.28,496.73,37.45,45.00,1685.25,False,5
2162,172,2024-01-01,446.84,505.59,58.75,45.00,2643.75,False,5
2126,171,2024-01-01,436.93,495.33,58.40,45.00,2628.00,False,5
2090,170,2024-01-01,389.65,439.41,49.76,45.00,2239.20,False,5
2054,169,2024-01-01,451.12,490.65,39.53,45.00,1778.85,False,5
2018,168,2024-01-01,433.31,472.56,39.25,45.00,1766.25,False,5
1982,167,2024-01-01,318.00,359.54,41.54,45.00,1869.30,False,5
1946,166,2024-01-01,409.81,441.15,31.34,45.00,1410.30,False,5
1910,165,2024-01-01,390.17,452.66,62.49,45.00,2812.05,False,5
1874,164,2024-01-01,440.38,481.53,41.15,45.00,1851.75,False,5
1838,163,2024-01-01,416.59,472.03,55.44,45.00,2494.80,False,5
1802,162,2024-01-01,420.93,462.45,41.52,45.00,1868.40,False,5
1766,161,2024-01-01,375.01,417.78,42.77,45.00,1924.65,False,5
1730,160,2024-01-01,420.10,496.47,76.37,45.00,3436.65,False,5
1694,159,2024-01-01,381.68,440.49,58.81,45.00,2646.45,False,5
1658,158,2024-01-01,420.52,464.59,44.07,45.00,1983.15,False,5
1622,157,2024-01-01,426.18,482.65,56.47,45.00,2541.15,False,5
1586,156,2024-01-01,448.81,511.68,62.87,45.00,2829.15,False,5
1550,155,2024-01-01,421.25,473.04,51.79,45.00,2330.55,False,5
1514,154,2024-01-01,397.95,432.29,34.34,45.00,1545.30,False,5
1478,153,2024-01-01,423.61,480.17,56.56,45.00,2545.20,False,5
1442,152,2024-01-01,404.91,448.26,43.35,45.00,1950.75,False,5
1406,151,2024-01-01,455.84,513.47,57.63,45.00,2593.35,False,5
1370,150,2024-01-01,381.13,411.13,30.00,45.00,1350.00,False,5
1334,149,2024-01-01,385.27,448.47,63.20,45.00,2844.00,False,5
1298,148,2024-01-01,380.51,438.09,57.58,45.00,2591.10,False,5
1262,147,2024-01-01,446.72,503.63,56.91,45.00,2560.95,False,5
1226,146,2024-01-01,447.31,477.31,30.00,45.00,1350.00,False,5
1190,145,2024-01-01,367.51,437.70,70.19,45.00,3158.55,False,5
2557,183,2023-12-01,375.95,405.95,30.00,45.00,1350.00,False,5
2521,182,2023-12-01,402.85,467.39,64.54,45.00,2904.30,False,5
2485,181,2023-12-01,346.81,401.05,54.24,45.00,2440.80,False,5
2449,180,2023-12-01,309.01,373.91,64.90,45.00,2920.50,False,5
2413,179,2023-12-01,376.07,430.81,54.74,45.00,2463.30,False,5
2377,178,2023-12-01,292.06,363.60,71.54,45.00,3219.30,False,5
2341,177,2023-12-01,308.69,376.40,67.71,45.00,3046.95,False,5
2305,176,2023-12-01,329.95,375.41,45.46,45.00,2045.70,False,5
2269,175,2023-12-01,413.64,457.84,44.20,45.00,1989.00,False,5
2233,174,2023-12-01,330.99,396.17,65.18,45.00,2933.10,False,5
2197,173,2023-12-01,417.45,459.28,41.83,45.00,1882.35,False,5
2161,172,2023-12-01,390.93,446.84,55.91,45.00,2515.95,False,5
2125,171,2023-12-01,351.93,436.93,85.00,45.00,3825.00,False,5
2089,170,2023-12-01,328.70,389.65,60.95,45.00,2742.75,False,5
2053,169,2023-12-01,400.35,451.12,50.77,45.00,2284.65,False,5
2017,168,2023-12-01,391.13,433.31,42.18,45.00,1898.10,False,5
1981,167,2023-12-01,275.65,318.00,42.35,45.00,1905.75,False,5
1945,166,2023-12-01,346.63,409.81,63.18,45.00,2843.10,False,5
1909,165,2023-12-01,334.74,390.17,55.43,45.00,2494.35,False,5
1873,164,2023-12-01,384.81,440.38,55.57,45.00,2500.65,False,5
1837,163,2023-12-01,381.26,416.59,35.33,45.00,1589.85,False,5
1801,162,2023-12-01,376.40,420.93,44.53,45.00,2003.85,False,5
1765,161,2023-12-01,320.65,375.01,54.36,45.00,2446.20,False,5
1729,160,2023-12-01,352.14,420.10,67.96,45.00,3058.20,False,5
1693,159,2023-12-01,322.82,381.68,58.86,45.00,2648.70,False,5
1657,158,2023-12-01,363.58,420.52,56.94,45.00,2562.30,False,5
1621,157,2023-12-01,382.33,426.18,43.85,45.00,1973.25,False,5
1585,156,2023-12-01,392.58,448.81,56.23,45.00,2530.35,False,5
1549,155,2023-12-01,383.52,421.25,37.73,45.00,1697.85,False,5
1513,154,2023-12-01,362.96,397.95,34.99,45.00,1574.55,False,5
1477,153,2023-12-01,381.02,423.61,42.59,45.00,1916.55,False,5
1441,152,2023-12-01,357.01,404.91,47.90,45.00,2155.50,False,5
1405,151,2023-12-01,420.10,455.84,35.74,45.00,1608.30,False,5
1369,150,2023-12-01,327.35,381.13,53.78,45.00,2420.10,False,5
1333,149,2023-12-01,325.85,385.27,59.42,45.00,2673.90,False,5
1297,148,2023-12-01,331.82,380.51,48.69,45.00,2191.05,False,5
1261,147,2023-12-01,393.36,446.72,53.36,45.00,2401.20,False,5
1225,146,2023-12-01,400.35,447.31,46.96,45.00,2113.20,False,5
1189,145,2023-12-01,310.76,367.51,56.75,45.00,2553.75,False,5
2556,183,2023-11-01,306.21,375.95,69.74,45.00,3138.30,False,5
2520,182,2023-11-01,330.87,402.85,71.98,45.00,3239.10,False,5
2484,181,2023-11-01,281.62,346.81,65.19,45.00,2933.55,False,5
2448,180,2023-11-01,260.29,309.01,48.72,45.00,2192.40,False,5
2412,179,2023-11-01,309.64,376.07,66.43,45.00,2989.35,False,5
2376,178,2023-11-01,251.63,292.06,40.43,45.00,1819.35,False,5
2340,177,2023-11-01,275.40,308.69,33.29,45.00,1498.05,False,5
2304,176,2023-11-01,273.27,329.95,56.68,45.00,2550.60,False,5
2268,175,2023-11-01,350.54,413.64,63.10,45.00,2839.50,False,5
2232,174,2023-11-01,291.20,330.99,39.79,45.00,1790.55,False,5
2196,173,2023-11-01,356.91,417.45,60.54,45.00,2724.30,False,5
2160,172,2023-11-01,331.48,390.93,59.45,45.00,2675.25,False,5
2124,171,2023-11-01,301.96,351.93,49.97,45.00,2248.65,False,5
2088,170,2023-11-01,292.17,328.70,36.53,45.00,1643.85,False,5
2052,169,2023-11-01,342.67,400.35,57.68,45.00,2595.60,False,5
2016,168,2023-11-01,343.97,391.13,47.16,45.00,2122.20,False,5
1980,167,2023-11-01,227.19,275.65,48.46,45.00,2180.70,False,5
1944,166,2023-11-01,289.63,346.63,57.00,45.00,2565.00,False,5
1908,165,2023-11-01,282.48,334.74,52.26,45.00,2351.70,False,5
1872,164,2023-11-01,322.70,384.81,62.11,45.00,2794.95,False,5
1836,163,2023-11-01,342.83,381.26,38.43,45.00,1729.35,False,5
1800,162,2023-11-01,327.72,376.40,48.68,45.00,2190.60,False,5
1764,161,2023-11-01,289.80,320.65,30.85,45.00,1388.25,False,5
1728,160,2023-11-01,289.99,352.14,62.15,45.00,2796.75,False,5
1692,159,2023-11-01,286.31,322.82,36.51,45.00,1642.95,False,5
1656,158,2023-11-01,306.57,363.58,57.01,45.00,2565.45,False,5
1620,157,2023-11-01,322.75,382.33,59.58,45.00,2681.10,False,5
1584,156,2023-11-01,335.81,392.58,56.77,45.00,2554.65,False,5
1548,155,2023-11-01,331.32,383.52,52.20,45.00,2349.00,False,5
1512,154,2023-11-01,305.49,362.96,57.47,45.00,2586.15,False,5
1476,153,2023-11-01,335.81,381.02,45.21,45.00,2034.45,False,5
1440,152,2023-11-01,317.11,357.01,39.90,45.00,1795.50,False,5
1404,151,2023-11-01,362.55,420.10,57.55,45.00,2589.75,False,5
1368,150,2023-11-01,276.26,327.35,51.09,45.00,2299.05,False,5
1332,149,2023-11-01,272.27,325.85,53.58,45.00,2411.10,False,5
1296,148,2023-11-01,298.39,331.82,33.43,45.00,1504.35,False,5
1260,147,2023-11-01,344.77,393.36,48.59,45.00,2186.55,False,5
1224,146,2023-11-01,336.83,400.35,63.52,45.00,2858.40,False,5
1188,145,2023-11-01,261.21,310.76,49.55,45.00,2229.75,False,5
2555,183,2023-10-01,272.64,306.21,33.57,45.00,1510.65,False,5
2519,182,2023-10-01,277.99,330.87,52.88,45.00,2379.60,False,5
2483,181,2023-10-01,217.66,281.62,63.96,45.00,2878.20,False,5
2447,180,2023-10-01,211.71,260.29,48.58,45.00,2186.10,False,5
2411,179,2023-10-01,265.08,309.64,44.56,45.00,2005.20,False,5
2375,178,2023-10-01,196.00,251.63,55.63,45.00,2503.35,False,5
2339,177,2023-10-01,230.42,275.40,44.98,45.00,2024.10,False,5
2303,176,2023-10-01,243.27,273.27,30.00,45.00,1350.00,False,5
2267,175,2023-10-01,279.88,350.54,70.66,45.00,3179.70,False,5
2231,174,2023-10-01,246.00,291.20,45.20,45.00,2034.00,False,5
2195,173,2023-10-01,291.70,356.91,65.21,45.00,2934.45,False,5
2159,172,2023-10-01,267.68,331.48,63.80,45.00,2871.00,False,5
2123,171,2023-10-01,258.54,301.96,43.42,45.00,1953.90,False,5
2087,170,2023-10-01,242.08,292.17,50.09,45.00,2254.05,False,5
2051,169,2023-10-01,281.42,342.67,61.25,45.00,2756.25,False,5
2015,168,2023-10-01,274.98,343.97,68.99,45.00,3104.55,False,5
1979,167,2023-10-01,179.39,227.19,47.80,45.00,2151.00,False,5
1943,166,2023-10-01,243.09,289.63,46.54,45.00,2094.30,False,5
1907,165,2023-10-01,224.15,282.48,58.33,45.00,2624.85,False,5
1871,164,2023-10-01,275.40,322.70,47.30,45.00,2128.50,False,5
1835,163,2023-10-01,284.14,342.83,58.69,45.00,2641.05,False,5
1799,162,2023-10-01,276.38,327.72,51.34,45.00,2310.30,False,5
1763,161,2023-10-01,226.38,289.80,63.42,45.00,2853.90,False,5
1727,160,2023-10-01,233.07,289.99,56.92,45.00,2561.40,False,5
1691,159,2023-10-01,233.08,286.31,53.23,45.00,2395.35,False,5
1655,158,2023-10-01,262.00,306.57,44.57,45.00,2005.65,False,5
1619,157,2023-10-01,266.08,322.75,56.67,45.00,2550.15,False,5
1583,156,2023-10-01,295.26,335.81,40.55,45.00,1824.75,False,5
1547,155,2023-10-01,257.80,331.32,73.52,45.00,3308.40,False,5
1511,154,2023-10-01,265.61,305.49,39.88,45.00,1794.60,False,5
1475,153,2023-10-01,272.69,335.81,63.12,45.00,2840.40,False,5
1439,152,2023-10-01,249.94,317.11,67.17,45.00,3022.65,False,5
1403,151,2023-10-01,311.29,362.55,51.26,45.00,2306.70,False,5
1367,150,2023-10-01,226.78,276.26,49.48,45.00,2226.60,False,5
1331,149,2023-10-01,233.28,272.27,38.99,45.00,1754.55,False,5
1295,148,2023-10-01,233.68,298.39,64.71,45.00,2911.95,False,5
1259,147,2023-10-01,304.68,344.77,40.09,45.00,1804.05,False,5
1223,146,2023-10-01,306.83,336.83,30.00,45.00,1350.00,False,5
1187,145,2023-10-01,205.68,261.21,55.53,45.00,2498.85,False,5
2554,183,2023-09-01,227.18,272.64,45.46,45.00,2045.70,False,5
2518,182,2023-09-01,218.90,277.99,59.09,45.00,2659.05,False,5
2482,181,2023-09-01,180.82,217.66,36.84,45.00,1657.80,False,5
2446,180,2023-09-01,178.36,211.71,33.35,45.00,1500.75,False,5
2410,179,2023-09-01,207.26,265.08,57.82,45.00,2601.90,False,5
2374,178,2023-09-01,164.12,196.00,31.88,45.00,1434.60,False,5
2338,177,2023-09-01,180.72,230.42,49.70,45.00,2236.50,False,5
2302,176,2023-09-01,206.12,243.27,37.15,45.00,1671.75,False,5
2266,175,2023-09-01,228.54,279.88,51.34,45.00,2310.30,False,5
2230,174,2023-09-01,172.12,246.00,73.88,45.00,3324.60,False,5
2194,173,2023-09-01,257.24,291.70,34.46,45.00,1550.70,False,5
2158,172,2023-09-01,196.39,267.68,71.29,45.00,3208.05,False,5
2122,171,2023-09-01,200.90,258.54,57.64,45.00,2593.80,False,5
2086,170,2023-09-01,190.17,242.08,51.91,45.00,2335.95,False,5
2050,169,2023-09-01,222.08,281.42,59.34,45.00,2670.30,False,5
2014,168,2023-09-01,218.58,274.98,56.40,45.00,2538.00,False,5
1978,167,2023-09-01,149.39,179.39,30.00,45.00,1350.00,False,5
1942,166,2023-09-01,187.72,243.09,55.37,45.00,2491.65,False,5
1906,165,2023-09-01,177.47,224.15,46.68,45.00,2100.60,False,5
1870,164,2023-09-01,222.83,275.40,52.57,45.00,2365.65,False,5
1834,163,2023-09-01,229.74,284.14,54.40,45.00,2448.00,False,5
1798,162,2023-09-01,217.35,276.38,59.03,45.00,2656.35,False,5
1762,161,2023-09-01,177.81,226.38,48.57,45.00,2185.65,False,5
1726,160,2023-09-01,186.84,233.07,46.23,45.00,2080.35,False,5
1690,159,2023-09-01,193.40,233.08,39.68,45.00,1785.60,False,5
1654,158,2023-09-01,208.75,262.00,53.25,45.00,2396.25,False,5
1618,157,2023-09-01,218.99,266.08,47.09,45.00,2119.05,False,5
1582,156,2023-09-01,250.68,295.26,44.58,45.00,2006.10,False,5
1546,155,2023-09-01,196.93,257.80,60.87,45.00,2739.15,False,5
1510,154,2023-09-01,221.38,265.61,44.23,45.00,1990.35,False,5
1474,153,2023-09-01,231.14,272.69,41.55,45.00,1869.75,False,5
1438,152,2023-09-01,195.40,249.94,54.54,45.00,2454.30,False,5
1402,151,2023-09-01,263.24,311.29,48.05,45.00,2162.25,False,5
1366,150,2023-09-01,196.78,226.78,30.00,45.00,1350.00,False,5
1330,149,2023-09-01,182.38,233.28,50.90,45.00,2290.50,False,5
1294,148,2023-09-01,188.14,233.68,45.54,45.00,2049.30,False,5
1258,147,2023-09-01,235.26,304.68,69.42,45.00,3123.90,False,5
1222,146,2023-09-01,244.05,306.83,62.78,45.00,2825.10,False,5
1186,145,2023-09-01,171.26,205.68,34.42,45.00,1548.90,False,5
2553,183,2023-08-01,169.41,227.18,57.77,45.00,2599.65,False,5
2517,182,2023-08-01,181.50,218.90,37.40,45.00,1683.00,False,5
2481,181,2023-08-01,128.83,180.82,51.99,45.00,2339.55,False,5
2445,180,2023-08-01,137.42,178.36,40.94,45.00,1842.30,False,5
2409,179,2023-08-01,162.59,207.26,44.67,45.00,2010.15,False,5
2373,178,2023-08-01,108.59,164.12,55.53,45.00,2498.85,False,5
2337,177,2023-08-01,149.45,180.72,31.27,45.00,1407.15,False,5
2301,176,2023-08-01,154.15,206.12,51.97,45.00,2338.65,False,5
2265,175,2023-08-01,170.75,228.54,57.79,45.00,2600.55,False,5
2229,174,2023-08-01,137.52,172.12,34.60,45.00,1557.00,False,5
2193,173,2023-08-01,199.70,257.24,57.54,45.00,2589.30,False,5
2157,172,2023-08-01,145.98,196.39,50.41,45.00,2268.45,False,5
2121,171,2023-08-01,160.66,200.90,40.24,45.00,1810.80,False,5
2085,170,2023-08-01,160.17,190.17,30.00,45.00,1350.00,False,5
2049,169,2023-08-01,174.26,222.08,47.82,45.00,2151.90,False,5
2013,168,2023-08-01,153.00,218.58,65.58,45.00,2951.10,False,5
1977,167,2023-08-01,108.26,149.39,41.13,45.00,1850.85,False,5
1941,166,2023-08-01,137.64,187.72,50.08,45.00,2253.60,False,5
1905,165,2023-08-01,132.04,177.47,45.43,45.00,2044.35,False,5
1869,164,2023-08-01,170.53,222.83,52.30,45.00,2353.50,False,5
1833,163,2023-08-01,175.76,229.74,53.98,45.00,2429.10,False,5
1797,162,2023-08-01,165.62,217.35,51.73,45.00,2327.85,False,5
1761,161,2023-08-01,139.49,177.81,38.32,45.00,1724.40,False,5
1725,160,2023-08-01,135.75,186.84,51.09,45.00,2299.05,False,5
1689,159,2023-08-01,139.77,193.40,53.63,45.00,2413.35,False,5
1653,158,2023-08-01,154.25,208.75,54.50,45.00,2452.50,False,5
1617,157,2023-08-01,169.03,218.99,49.96,45.00,2248.20,False,5
1581,156,2023-08-01,196.67,250.68,54.01,45.00,2430.45,False,5
1545,155,2023-08-01,147.59,196.93,49.34,45.00,2220.30,False,5
1509,154,2023-08-01,185.29,221.38,36.09,45.00,1624.05,False,5
1473,153,2023-08-01,174.01,231.14,57.13,45.00,2570.85,False,5
1437,152,2023-08-01,130.09,195.40,65.31,45.00,2938.95,False,5
1401,151,2023-08-01,192.19,263.24,71.05,45.00,3197.25,False,5
1365,150,2023-08-01,155.31,196.78,41.47,45.00,1866.15,False,5
1329,149,2023-08-01,130.99,182.38,51.39,45.00,2312.55,False,5
1293,148,2023-08-01,158.14,188.14,30.00,45.00,1350.00,False,5
1257,147,2023-08-01,183.62,235.26,51.64,45.00,2323.80,False,5
1221,146,2023-08-01,186.54,244.05,57.51,45.00,2587.95,False,5
1185,145,2023-08-01,110.88,171.26,60.38,45.00,2717.10,False,5
2552,183,2023-07-01,109.49,169.41,59.92,45.00,2696.40,False,5
2516,182,2023-07-01,116.48,181.50,65.02,45.00,2925.90,False,5
2480,181,2023-07-01,96.33,128.83,32.50,45.00,1462.50,False,5
2444,180,2023-07-01,97.08,137.42,40.34,45.00,1815.30,False,5
2408,179,2023-07-01,118.81,162.59,43.78,45.00,1970.10,False,5
2372,178,2023-07-01,78.59,108.59,30.00,45.00,1350.00,False,5
2336,177,2023-07-01,103.11,149.45,46.34,45.00,2085.30,False,5
2300,176,2023-07-01,91.91,154.15,62.24,45.00,2800.80,False,5
2264,175,2023-07-01,101.29,170.75,69.46,45.00,3125.70,False,5
2228,174,2023-07-01,70.39,137.52,67.13,45.00,3020.85,False,5
2192,173,2023-07-01,130.98,199.70,68.72,45.00,3092.40,False,5
2156,172,2023-07-01,104.61,145.98,41.37,45.00,1861.65,False,5
2120,171,2023-07-01,120.58,160.66,40.08,45.00,1803.60,False,5
2084,170,2023-07-01,101.56,160.17,58.61,45.00,2637.45,False,5
2048,169,2023-07-01,122.54,174.26,51.72,45.00,2327.40,False,5
2012,168,2023-07-01,102.13,153.00,50.87,45.00,2289.15,False,5
1976,167,2023-07-01,78.26,108.26,30.00,45.00,1350.00,False,5
1940,166,2023-07-01,79.84,137.64,57.80,45.00,2601.00,False,5
1904,165,2023-07-01,82.50,132.04,49.54,45.00,2229.30,False,5
1868,164,2023-07-01,114.27,170.53,56.26,45.00,2531.70,False,5
1832,163,2023-07-01,100.22,175.76,75.54,45.00,3399.30,False,5
1796,162,2023-07-01,107.19,165.62,58.43,45.00,2629.35,False,5
1760,161,2023-07-01,99.98,139.49,39.51,45.00,1777.95,False,5
1724,160,2023-07-01,86.10,135.75,49.65,45.00,2234.25,False,5
1688,159,2023-07-01,96.45,139.77,43.32,45.00,1949.40,False,5
1652,158,2023-07-01,105.08,154.25,49.17,45.00,2212.65,False,5
1616,157,2023-07-01,115.30,169.03,53.73,45.00,2417.85,False,5
1580,156,2023-07-01,119.41,196.67,77.26,45.00,3476.70,False,5
1544,155,2023-07-01,103.36,147.59,44.23,45.00,1990.35,False,5
1508,154,2023-07-01,121.51,185.29,63.78,45.00,2870.10,False,5
1472,153,2023-07-01,109.89,174.01,64.12,45.00,2885.40,False,5
1436,152,2023-07-01,94.92,130.09,35.17,45.00,1582.65,False,5
1400,151,2023-07-01,137.20,192.19,54.99,45.00,2474.55,False,5
1364,150,2023-07-01,101.18,155.31,54.13,45.00,2435.85,False,5
1328,149,2023-07-01,91.62,130.99,39.37,45.00,1771.65,False,5
1292,148,2023-07-01,112.91,158.14,45.23,45.00,2035.35,False,5
1256,147,2023-07-01,120.88,183.62,62.74,45.00,2823.30,False,5
1220,146,2023-07-01,125.98,186.54,60.56,45.00,2725.20,False,5
1184,145,2023-07-01,80.88,110.88,30.00,45.00,1350.00,False,5
2551,183,2023-06-01,61.55,109.49,47.94,45.00,2157.30,False,5
2515,182,2023-06-01,66.07,116.48,50.41,45.00,2268.45,False,5
2479,181,2023-06-01,55.09,96.33,41.24,45.00,1855.80,False,5
2443,180,2023-06-01,52.41,97.08,44.67,45.00,2010.15,False,5
2407,179,2023-06-01,72.65,118.81,46.16,45.00,2077.20,False,5
2371,178,2023-06-01,37.67,78.59,40.92,45.00,1841.40,False,5
2335,177,2023-06-01,50.25,103.11,52.86,45.00,2378.70,False,5
2299,176,2023-06-01,60.12,91.91,31.79,45.00,1430.55,False,5
2263,175,2023-06-01,60.25,101.29,41.04,45.00,1846.80,False,5
2227,174,2023-06-01,30.00,70.39,40.39,45.00,1817.55,False,5
2191,173,2023-06-01,61.99,130.98,68.99,45.00,3104.55,False,5
2155,172,2023-06-01,52.86,104.61,51.75,45.00,2328.75,False,5
2119,171,2023-06-01,58.46,120.58,62.12,45.00,2795.40,False,5
2083,170,2023-06-01,38.78,101.56,62.78,45.00,2825.10,False,5
2047,169,2023-06-01,63.57,122.54,58.97,45.00,2653.65,False,5
2011,168,2023-06-01,47.49,102.13,54.64,45.00,2458.80,False,5
1975,167,2023-06-01,41.06,78.26,37.20,45.00,1674.00,False,5
1939,166,2023-06-01,30.00,79.84,49.84,45.00,2242.80,False,5
1903,165,2023-06-01,35.53,82.50,46.97,45.00,2113.65,False,5
1867,164,2023-06-01,62.59,114.27,51.68,45.00,2325.60,False,5
1831,163,2023-06-01,57.01,100.22,43.21,45.00,1944.45,False,5
1795,162,2023-06-01,46.32,107.19,60.87,45.00,2739.15,False,5
1759,161,2023-06-01,47.82,99.98,52.16,45.00,2347.20,False,5
1723,160,2023-06-01,30.00,86.10,56.10,45.00,2524.50,False,5
1687,159,2023-06-01,50.13,96.45,46.32,45.00,2084.40,False,5
1651,158,2023-06-01,57.15,105.08,47.93,45.00,2156.85,False,5
1615,157,2023-06-01,48.16,115.30,67.14,45.00,3021.30,False,5
1579,156,2023-06-01,73.19,119.41,46.22,45.00,2079.90,False,5
1543,155,2023-06-01,39.51,103.36,63.85,45.00,2873.25,False,5
1507,154,2023-06-01,64.13,121.51,57.38,45.00,2582.10,False,5
1471,153,2023-06-01,53.48,109.89,56.41,45.00,2538.45,False,5
1435,152,2023-06-01,48.39,94.92,46.53,45.00,2093.85,False,5
1399,151,2023-06-01,62.92,137.20,74.28,45.00,3342.60,False,5
1363,150,2023-06-01,44.35,101.18,56.83,45.00,2557.35,False,5
1327,149,2023-06-01,41.50,91.62,50.12,45.00,2255.40,False,5
1291,148,2023-06-01,59.47,112.91,53.44,45.00,2404.80,False,5
1255,147,2023-06-01,56.86,120.88,64.02,45.00,2880.90,False,5
1219,146,2023-06-01,69.39,125.98,56.59,45.00,2546.55,False,5
1183,145,2023-06-01,38.48,80.88,42.40,45.00,1908.00,False,5
2550,183,2023-05-01,0.00,61.55,0.00,45.00,0.00,True,5
2514,182,2023-05-01,0.00,66.07,0.00,45.00,0.00,True,5
2478,181,2023-05-01,0.00,55.09,0.00,45.00,0.00,True,5
2442,180,2023-05-01,0.00,52.41,0.00,45.00,0.00,True,5
2406,179,2023-05-01,0.00,72.65,0.00,45.00,0.00,True,5
2370,178,2023-05-01,0.00,37.67,0.00,45.00,0.00,True,5
2334,177,2023-05-01,0.00,50.25,0.00,45.00,0.00,True,5
2298,176,2023-05-01,0.00,60.12,0.00,45.00,0.00,True,5
2262,175,2023-05-01,0.00,60.25,0.00,45.00,0.00,True,5
2226,174,2023-05-01,0.00,30.00,0.00,45.00,0.00,True,5
2190,173,2023-05-01,0.00,61.99,0.00,45.00,0.00,True,5
2154,172,2023-05-01,0.00,52.86,0.00,45.00,0.00,True,5
2118,171,2023-05-01,0.00,58.46,0.00,45.00,0.00,True,5
2082,170,2023-05-01,0.00,38.78,0.00,45.00,0.00,True,5
2046,169,2023-05-01,0.00,63.57,0.00,45.00,0.00,True,5
2010,168,2023-05-01,0.00,47.49,0.00,45.00,0.00,True,5
1974,167,2023-05-01,0.00,41.06,0.00,45.00,0.00,True,5
1938,166,2023-05-01,0.00,30.00,0.00,45.00,0.00,True,5
1902,165,2023-05-01,0.00,35.53,0.00,45.00,0.00,True,5
1866,164,2023-05-01,0.00,62.59,0.00,45.00,0.00,True,5
1830,163,2023-05-01,0.00,57.01,0.00,45.00,0.00,True,5
1794,162,2023-05-01,0.00,46.32,0.00,45.00,0.00,True,5
1758,161,2023-05-01,0.00,47.82,0.00,45.00,0.00,True,5
1722,160,2023-05-01,0.00,30.00,0.00,45.00,0.00,True,5
1686,159,2023-05-01,0.00,50.13,0.00,45.00,0.00,True,5
1650,158,2023-05-01,0.00,57.15,0.00,45.00,0.00,True,5
1614,157,2023-05-01,0.00,48.16,0.00,45.00,0.00,True,5
1578,156,2023-05-01,0.00,73.19,0.00,45.00,0.00,True,5
1542,155,2023-05-01,0.00,39.51,0.00,45.00,0.00,True,5
1506,154,2023-05-01,0.00,64.13,0.00,45.00,0.00,True,5
1470,153,2023-05-01,0.00,53.48,0.00,45.00,0.00,True,5
1434,152,2023-05-01,0.00,48.39,0.00,45.00,0.00,True,5
1398,151,2023-05-01,0.00,62.92,0.00,45.00,0.00,True,5
1362,150,2023-05-01,0.00,44.35,0.00,45.00,0.00,True,5
1326,149,2023-05-01,0.00,41.50,0.00,45.00,0.00,True,5
1290,148,2023-05-01,0.00,59.47,0.00,45.00,0.00,True,5
1254,147,2023-05-01,0.00,56.86,0.00,45.00,0.00,True,5
1218,146,2023-05-01,0.00,69.39,0.00,45.00,0.00,True,5
1182,145,2023-05-01,0.00,38.48,0.00,45.00,0.00,True,5
